query,query_id,relevance_concept,method,rank,paper_id,title,abstract,judgment,notes
databse optimiztion,databse_optimiztion,database optimization despite the input typographical errors,fuzzy,1,1305.1713,Optimization of stochastic database cracking,"Variant Stochastic cracking is a significantly more resilient approach to adaptive indexing. It showed [1]that Stochastic cracking uses each query as a hint on how to reorganize data, but not blindly so; it gains resilience and avoids performance bottlenecks by deliberately applying certain arbitrary choices in its decision making. Therefore bring, adaptive indexing forward to a mature formulation that confers the workload-robustness that previous approaches lacked. Original cracking relies on the randomness of the workloads to converge well. [2][3] However, where the workload is non-random, cracking needs to introduce randomness on its own. Stochastic Cracking clearly improves over original cracking by being robust in workload changes while maintaining all original cracking features when it comes to adaptation. But looking at both types of cracking, it conveyed an incomplete picture as at some point of time it is must to know whether the workload is random or sequential. In this paper our focus is on optimization of variant stochastic cracking, that could be achieved in two ways either by reducing the initialization cost to make stochastic cracking even more transparent to the user, especially for queries that initiate a workload change and hence incur a higher cost or by combining the strengths of the various stochastic cracking algorithms via a dynamic component that decides which algorithm to choose for a query on the fly. The efforts have been put in to make an algorithm that reduces the initialization cost by using the main notion of both cracking, while considering the requirements of adaptive indexing [2].",,
databse optimiztion,databse_optimiztion,database optimization despite the input typographical errors,fuzzy,2,2501.11252,Constant Optimization Driven Database System Testing,"Logic bugs are bugs that can cause database management systems (DBMSs) to silently produce incorrect results for given queries. Such bugs are severe, because they can easily be overlooked by both developers and users, and can cause applications that rely on the DBMSs to malfunction. In this work, we propose Constant-Optimization-Driven Database Testing (CODDTest) as a novel approach for detecting logic bugs in DBMSs. This method draws inspiration from two well-known optimizations in compilers: constant folding and constant propagation. Our key insight is that for a certain database state and query containing a predicate, we can apply constant folding on the predicate by replacing an expression in the predicate with a constant, anticipating that the results of this predicate remain unchanged; any discrepancy indicates a bug in the DBMS. We evaluated CODDTest on five mature and extensively-tested DBMSs-SQLite, MySQL, CockroachDB, DuckDB, and TiDB-and found 45 unique, previously unknown bugs in them. Out of these, 24 are unique logic bugs. Our manual analysis of the state-of-the-art approaches indicates that 11 logic bugs are detectable only by CODDTest. We believe that CODDTest is easy to implement, and can be widely adopted in practice.",,
databse optimiztion,databse_optimiztion,database optimization despite the input typographical errors,fuzzy,3,2104.01744,UDO: Universal Database Optimization using Reinforcement Learning,"UDO is a versatile tool for offline tuning of database systems for specific workloads. UDO can consider a variety of tuning choices, reaching from picking transaction code variants over index selections up to database system parameter tuning. UDO uses reinforcement learning to converge to near-optimal configurations, creating and evaluating different configurations via actual query executions (instead of relying on simplifying cost models). To cater to different parameter types, UDO distinguishes heavy parameters (which are expensive to change, e.g. physical design parameters) from light parameters. Specifically for optimizing heavy parameters, UDO uses reinforcement learning algorithms that allow delaying the point at which the reward feedback becomes available. This gives us the freedom to optimize the point in time and the order in which different configurations are created and evaluated (by benchmarking a workload sample). UDO uses a cost-based planner to minimize reconfiguration overheads. For instance, it aims to amortize the creation of expensive data structures by consecutively evaluating configurations using them. We evaluate UDO on Postgres as well as MySQL and on TPC-H as well as TPC-C, optimizing a variety of light and heavy parameters concurrently.",,
databse optimiztion,databse_optimiztion,database optimization despite the input typographical errors,fuzzy,4,1308.0613,Database optimization for empirical interatomic potential models,"Weighted least squares fitting to a database of quantum mechanical calculations can determine the optimal parameters of empirical potential models. While algorithms exist to provide optimal potential parameters for a given fitting database of structures and their structure property functions, and to estimate prediction errors using Bayesian sampling, defining an optimal fitting database based on potential predictions remains elusive. A testing set of structures and their structure property functions provides an empirical measure of potential transferability. Here, we propose an objective function for fitting databases based on testing set errors. The objective function allows the optimization of the weights in a fitting database, the assessment of the inclusion or removal of structures in the fitting database, or the comparison of two different fitting databases. To showcase this technique, we consider an example Lennard-Jones potential for Ti, where modeling multiple complicated crystal structures is difficult for a radial pair potential. The algorithm finds different optimal fitting databases, depending on the objective function of potential prediction error for a testing set.",,
databse optimiztion,databse_optimiztion,database optimization despite the input typographical errors,fuzzy,5,2105.12647,Conceptual Schema Optimisation -- Database Optimisation before sliding down the Waterfall,"In this article we discuss an approach to database optimisation in which a conceptual schema is optimised by applying a sequence of transformations. By performing these optimisations on the conceptual schema, a large part of the database optimisation can be done before actually sliding down the software development waterfall. When optimising schemas, one would like to preserve some level of equivalence between the schemas before and after a transformation. We distinguish between two classes of equivalence, one based on the mathematical semantics of the conceptual schemas, and one on conceptual preference by humans. As a medium for the schema transformations we use the universe of all (correct) conceptual schemas. A schema transformation process can then be seen as a journey (a schema-time worm) within this universe. The underlying theory is conveyed intuitively with sample transformations, and formalised within the framework of Object-Role Modelling. A metalanguage is introduced for the specification of transformations, and more importantly their semantics. While the discussion focusses on the data perspective, the approach has a high level of generality and is extensible to process and behaviour perspectives.",,
databse optimiztion,databse_optimiztion,database optimization despite the input typographical errors,fuzzy,6,1609.01893,Query Optimization Techniques In Graph Databases,"Graph databases (GDB) have recently been arisen to overcome the limits of traditional databases for storing and managing data with graph-like structure. Today, they represent a requirement for many applications that manage graph-like data, like social networks. Most of the techniques, applied to optimize queries in graph databases, have been used in traditional databases, distribution systems... or they are inspired from graph theory. However, their reuse in graph databases should take care of the main characteristics of graph databases, such as dynamic structure, highly interconnected data, and ability to efficiently access data relationships. In this paper, we survey the query optimization techniques in graph databases. In particular, we focus on the features they have introduced to improve querying graph-like data.",,
databse optimiztion,databse_optimiztion,database optimization despite the input typographical errors,fuzzy,7,2605.31002,Modeling and Optimization for Massive Data Allocation in Database,"In the era of big data, e-commerce and Internet platforms face the challenge of processing massive amounts of data. However, due to data being scattered across different machines in distributed database, extra communication costs are incurred in gathering relevant data to complete transactions. Without a carefully designed data placement scheme, this cost can severely impact the performance of Online Transaction Processing systems. To meet industry requirements, algorithms that output a data placement scheme that achieves i) data balance and ii) low communication overhead within a fixed period of time are eagerly investigated. Although some existing methods have been studied, they do not adequately meet the aforementioned requirements. In this paper, inspired by the normalized cut of spectral clustering, we introduce a novel model for data allocation problem. The normalized cut reconciles the inherent conflict between the two objectives. Taking into account the variable characteristics of the model, we formulate the problem as a 0-1 optimization problem, and solve the relaxed problem using the Bregman proximal gradient method with guaranteed convergence. The numerical experiments reveal that the convergent solutions can be smoothly rounded to discrete solutions. Furthermore, our algorithm surpasses both simple and meta-heuristic partitioning schemes by minimizing migration costs while maintaining a superior balance.",,
databse optimiztion,databse_optimiztion,database optimization despite the input typographical errors,fuzzy,8,2601.12123,Is Quantum Computing Ready for Real-Time Database Optimization?,"Database systems encompass several performance-critical optimization tasks, such as join ordering and index tuning. As data volumes grow and workloads become more complex, these problems have become exponentially harder to solve efficiently. Quantum computing, especially quantum annealing, is a promising paradigm that can efficiently explore very large search spaces through quantum tunneling. It can escape local optima by tunneling through energy barriers rather than climbing over them. Earlier works mainly focused on providing an abstract representation (e.g., Quadratic Unconstrained Binary Optimization (QUBO)) for the database optimization problems (e.g., join order) and overlooked the real integration within database systems due to the high overhead of quantum computing services (e.g., a minimum 5s runtime for D-Wave's CQM-Solver). Recently, quantum annealing providers have offered more low-latency solutions, e.g., NL-Solver, which paves the road to actually realizing quantum solutions within DBMSs. However, this raises new systems research challenges in balancing efficiency and solution quality. In this talk, we show that this balance is possible to achieve. As a proof of concept, we present Q2O, the first real Quantum-augmented Query Optimizer. We show the end-to-end workflow: we encode the join order problem as a nonlinear model, a format solvable by the NL-Solver, using actual database statistics; the solution is translated into a plan hint that guides PostgreSQL's optimizer to produce a complete plan. Q2O is capable of handling actual queries in real time.",,
databse optimiztion,databse_optimiztion,database optimization despite the input typographical errors,fuzzy,9,1405.2848,Query Rewriting and Optimization for Ontological Databases,"Ontological queries are evaluated against a knowledge base consisting of an extensional database and an ontology (i.e., a set of logical assertions and constraints which derive new intensional knowledge from the extensional database), rather than directly on the extensional database. The evaluation and optimization of such queries is an intriguing new problem for database research. In this paper, we discuss two important aspects of this problem: query rewriting and query optimization. Query rewriting consists of the compilation of an ontological query into an equivalent first-order query against the underlying extensional database. We present a novel query rewriting algorithm for rather general types of ontological constraints which is well-suited for practical implementations. In particular, we show how a conjunctive query against a knowledge base, expressed using linear and sticky existential rules, that is, members of the recently introduced Datalog+/- family of ontology languages, can be compiled into a union of conjunctive queries (UCQ) against the underlying database. Ontological query optimization, in this context, attempts to improve this rewriting process so to produce possibly small and cost-effective UCQ rewritings for an input query.",,
databse optimiztion,databse_optimiztion,database optimization despite the input typographical errors,fuzzy,10,2603.08036,"Samyama: A Unified Graph-Vector Database with In-Database Optimization, Agentic Enrichment, and Hardware Acceleration","Modern data architectures are fragmented across graph databases, vector stores, analytics engines, and optimization solvers, resulting in complex ETL pipelines and synchronization overhead. We present Samyama, a high-performance graph-vector database written in Rust that unifies these workloads into a single engine. Samyama combines a RocksDB-backed persistent store with a versioned-arena MVCC model, a vectorized query executor with 35 physical operators, a cost-based query planner with plan enumeration and predicate pushdown, a dedicated CSR-based analytics engine, and native RDF/SPARQL support. The system integrates 22 metaheuristic optimization solvers directly into its query language, implements HNSW vector indexing with Graph RAG capabilities, and introduces Agentic Enrichment for autonomous graph expansion via LLMs. The Enterprise Edition adds GPU acceleration via wgpu, production-grade observability, point-in-time recovery, and hardened high availability with HTTP/2 Raft transport. Our evaluation on commodity hardware (Mac Mini M4, 16 GB RAM) demonstrates: ingestion at 255K nodes/s (CPU) and 412K nodes/s (GPU-accelerated); 115K Cypher queries/sec at 1M nodes; 4.0-4.7x latency reduction from late materialization on multi-hop traversals; 8.2x GPU PageRank speedup at 1M nodes; and 100% LDBC Graphalytics validation (28/28 tests). These results demonstrate that a unified graph-vector-optimization engine can achieve competitive performance on commodity hardware while maintaining Rust's memory safety guarantees.",,
databse optimiztion,databse_optimiztion,database optimization despite the input typographical errors,hybrid,1,1509.05371,DeXpression: Deep Convolutional Neural Network for Expression Recognition,"We propose a convolutional neural network (CNN) architecture for facial expression recognition. The proposed architecture is independent of any hand-crafted feature extraction and performs better than the earlier proposed convolutional neural network based approaches. We visualize the automatically extracted features which have been learned by the network in order to provide a better understanding. The standard datasets, i.e. Extended Cohn-Kanade (CKP) and MMI Facial Expression Databse are used for the quantitative evaluation. On the CKP set the current state of the art approach, using CNNs, achieves an accuracy of 99.2%. For the MMI dataset, currently the best accuracy for emotion recognition is 93.33%. The proposed architecture achieves 99.6% for CKP and 98.63% for MMI, therefore performing better than the state of the art using CNNs. Automatic facial expression recognition has a broad spectrum of applications such as human-computer interaction and safety systems. This is due to the fact that non-verbal cues are important forms of communication and play a pivotal role in interpersonal communication. The performance of the proposed architecture endorses the efficacy and reliable usage of the proposed work for real world applications.",,
databse optimiztion,databse_optimiztion,database optimization despite the input typographical errors,hybrid,2,1305.1713,Optimization of stochastic database cracking,"Variant Stochastic cracking is a significantly more resilient approach to adaptive indexing. It showed [1]that Stochastic cracking uses each query as a hint on how to reorganize data, but not blindly so; it gains resilience and avoids performance bottlenecks by deliberately applying certain arbitrary choices in its decision making. Therefore bring, adaptive indexing forward to a mature formulation that confers the workload-robustness that previous approaches lacked. Original cracking relies on the randomness of the workloads to converge well. [2][3] However, where the workload is non-random, cracking needs to introduce randomness on its own. Stochastic Cracking clearly improves over original cracking by being robust in workload changes while maintaining all original cracking features when it comes to adaptation. But looking at both types of cracking, it conveyed an incomplete picture as at some point of time it is must to know whether the workload is random or sequential. In this paper our focus is on optimization of variant stochastic cracking, that could be achieved in two ways either by reducing the initialization cost to make stochastic cracking even more transparent to the user, especially for queries that initiate a workload change and hence incur a higher cost or by combining the strengths of the various stochastic cracking algorithms via a dynamic component that decides which algorithm to choose for a query on the fly. The efforts have been put in to make an algorithm that reduces the initialization cost by using the main notion of both cracking, while considering the requirements of adaptive indexing [2].",,
databse optimiztion,databse_optimiztion,database optimization despite the input typographical errors,hybrid,3,2501.11252,Constant Optimization Driven Database System Testing,"Logic bugs are bugs that can cause database management systems (DBMSs) to silently produce incorrect results for given queries. Such bugs are severe, because they can easily be overlooked by both developers and users, and can cause applications that rely on the DBMSs to malfunction. In this work, we propose Constant-Optimization-Driven Database Testing (CODDTest) as a novel approach for detecting logic bugs in DBMSs. This method draws inspiration from two well-known optimizations in compilers: constant folding and constant propagation. Our key insight is that for a certain database state and query containing a predicate, we can apply constant folding on the predicate by replacing an expression in the predicate with a constant, anticipating that the results of this predicate remain unchanged; any discrepancy indicates a bug in the DBMS. We evaluated CODDTest on five mature and extensively-tested DBMSs-SQLite, MySQL, CockroachDB, DuckDB, and TiDB-and found 45 unique, previously unknown bugs in them. Out of these, 24 are unique logic bugs. Our manual analysis of the state-of-the-art approaches indicates that 11 logic bugs are detectable only by CODDTest. We believe that CODDTest is easy to implement, and can be widely adopted in practice.",,
databse optimiztion,databse_optimiztion,database optimization despite the input typographical errors,hybrid,4,2104.01744,UDO: Universal Database Optimization using Reinforcement Learning,"UDO is a versatile tool for offline tuning of database systems for specific workloads. UDO can consider a variety of tuning choices, reaching from picking transaction code variants over index selections up to database system parameter tuning. UDO uses reinforcement learning to converge to near-optimal configurations, creating and evaluating different configurations via actual query executions (instead of relying on simplifying cost models). To cater to different parameter types, UDO distinguishes heavy parameters (which are expensive to change, e.g. physical design parameters) from light parameters. Specifically for optimizing heavy parameters, UDO uses reinforcement learning algorithms that allow delaying the point at which the reward feedback becomes available. This gives us the freedom to optimize the point in time and the order in which different configurations are created and evaluated (by benchmarking a workload sample). UDO uses a cost-based planner to minimize reconfiguration overheads. For instance, it aims to amortize the creation of expensive data structures by consecutively evaluating configurations using them. We evaluate UDO on Postgres as well as MySQL and on TPC-H as well as TPC-C, optimizing a variety of light and heavy parameters concurrently.",,
databse optimiztion,databse_optimiztion,database optimization despite the input typographical errors,hybrid,5,1308.0613,Database optimization for empirical interatomic potential models,"Weighted least squares fitting to a database of quantum mechanical calculations can determine the optimal parameters of empirical potential models. While algorithms exist to provide optimal potential parameters for a given fitting database of structures and their structure property functions, and to estimate prediction errors using Bayesian sampling, defining an optimal fitting database based on potential predictions remains elusive. A testing set of structures and their structure property functions provides an empirical measure of potential transferability. Here, we propose an objective function for fitting databases based on testing set errors. The objective function allows the optimization of the weights in a fitting database, the assessment of the inclusion or removal of structures in the fitting database, or the comparison of two different fitting databases. To showcase this technique, we consider an example Lennard-Jones potential for Ti, where modeling multiple complicated crystal structures is difficult for a radial pair potential. The algorithm finds different optimal fitting databases, depending on the objective function of potential prediction error for a testing set.",,
databse optimiztion,databse_optimiztion,database optimization despite the input typographical errors,hybrid,6,2105.12647,Conceptual Schema Optimisation -- Database Optimisation before sliding down the Waterfall,"In this article we discuss an approach to database optimisation in which a conceptual schema is optimised by applying a sequence of transformations. By performing these optimisations on the conceptual schema, a large part of the database optimisation can be done before actually sliding down the software development waterfall. When optimising schemas, one would like to preserve some level of equivalence between the schemas before and after a transformation. We distinguish between two classes of equivalence, one based on the mathematical semantics of the conceptual schemas, and one on conceptual preference by humans. As a medium for the schema transformations we use the universe of all (correct) conceptual schemas. A schema transformation process can then be seen as a journey (a schema-time worm) within this universe. The underlying theory is conveyed intuitively with sample transformations, and formalised within the framework of Object-Role Modelling. A metalanguage is introduced for the specification of transformations, and more importantly their semantics. While the discussion focusses on the data perspective, the approach has a high level of generality and is extensible to process and behaviour perspectives.",,
databse optimiztion,databse_optimiztion,database optimization despite the input typographical errors,hybrid,7,1609.01893,Query Optimization Techniques In Graph Databases,"Graph databases (GDB) have recently been arisen to overcome the limits of traditional databases for storing and managing data with graph-like structure. Today, they represent a requirement for many applications that manage graph-like data, like social networks. Most of the techniques, applied to optimize queries in graph databases, have been used in traditional databases, distribution systems... or they are inspired from graph theory. However, their reuse in graph databases should take care of the main characteristics of graph databases, such as dynamic structure, highly interconnected data, and ability to efficiently access data relationships. In this paper, we survey the query optimization techniques in graph databases. In particular, we focus on the features they have introduced to improve querying graph-like data.",,
databse optimiztion,databse_optimiztion,database optimization despite the input typographical errors,hybrid,8,2605.31002,Modeling and Optimization for Massive Data Allocation in Database,"In the era of big data, e-commerce and Internet platforms face the challenge of processing massive amounts of data. However, due to data being scattered across different machines in distributed database, extra communication costs are incurred in gathering relevant data to complete transactions. Without a carefully designed data placement scheme, this cost can severely impact the performance of Online Transaction Processing systems. To meet industry requirements, algorithms that output a data placement scheme that achieves i) data balance and ii) low communication overhead within a fixed period of time are eagerly investigated. Although some existing methods have been studied, they do not adequately meet the aforementioned requirements. In this paper, inspired by the normalized cut of spectral clustering, we introduce a novel model for data allocation problem. The normalized cut reconciles the inherent conflict between the two objectives. Taking into account the variable characteristics of the model, we formulate the problem as a 0-1 optimization problem, and solve the relaxed problem using the Bregman proximal gradient method with guaranteed convergence. The numerical experiments reveal that the convergent solutions can be smoothly rounded to discrete solutions. Furthermore, our algorithm surpasses both simple and meta-heuristic partitioning schemes by minimizing migration costs while maintaining a superior balance.",,
databse optimiztion,databse_optimiztion,database optimization despite the input typographical errors,hybrid,9,2601.12123,Is Quantum Computing Ready for Real-Time Database Optimization?,"Database systems encompass several performance-critical optimization tasks, such as join ordering and index tuning. As data volumes grow and workloads become more complex, these problems have become exponentially harder to solve efficiently. Quantum computing, especially quantum annealing, is a promising paradigm that can efficiently explore very large search spaces through quantum tunneling. It can escape local optima by tunneling through energy barriers rather than climbing over them. Earlier works mainly focused on providing an abstract representation (e.g., Quadratic Unconstrained Binary Optimization (QUBO)) for the database optimization problems (e.g., join order) and overlooked the real integration within database systems due to the high overhead of quantum computing services (e.g., a minimum 5s runtime for D-Wave's CQM-Solver). Recently, quantum annealing providers have offered more low-latency solutions, e.g., NL-Solver, which paves the road to actually realizing quantum solutions within DBMSs. However, this raises new systems research challenges in balancing efficiency and solution quality. In this talk, we show that this balance is possible to achieve. As a proof of concept, we present Q2O, the first real Quantum-augmented Query Optimizer. We show the end-to-end workflow: we encode the join order problem as a nonlinear model, a format solvable by the NL-Solver, using actual database statistics; the solution is translated into a plan hint that guides PostgreSQL's optimizer to produce a complete plan. Q2O is capable of handling actual queries in real time.",,
databse optimiztion,databse_optimiztion,database optimization despite the input typographical errors,hybrid,10,1405.2848,Query Rewriting and Optimization for Ontological Databases,"Ontological queries are evaluated against a knowledge base consisting of an extensional database and an ontology (i.e., a set of logical assertions and constraints which derive new intensional knowledge from the extensional database), rather than directly on the extensional database. The evaluation and optimization of such queries is an intriguing new problem for database research. In this paper, we discuss two important aspects of this problem: query rewriting and query optimization. Query rewriting consists of the compilation of an ontological query into an equivalent first-order query against the underlying extensional database. We present a novel query rewriting algorithm for rather general types of ontological constraints which is well-suited for practical implementations. In particular, we show how a conjunctive query against a knowledge base, expressed using linear and sticky existential rules, that is, members of the recently introduced Datalog+/- family of ontology languages, can be compiled into a union of conjunctive queries (UCQ) against the underlying database. Ontological query optimization, in this context, attempts to improve this rewriting process so to produce possibly small and cost-effective UCQ rewritings for an input query.",,
databse optimiztion,databse_optimiztion,database optimization despite the input typographical errors,keyword,1,1509.05371,DeXpression: Deep Convolutional Neural Network for Expression Recognition,"We propose a convolutional neural network (CNN) architecture for facial expression recognition. The proposed architecture is independent of any hand-crafted feature extraction and performs better than the earlier proposed convolutional neural network based approaches. We visualize the automatically extracted features which have been learned by the network in order to provide a better understanding. The standard datasets, i.e. Extended Cohn-Kanade (CKP) and MMI Facial Expression Databse are used for the quantitative evaluation. On the CKP set the current state of the art approach, using CNNs, achieves an accuracy of 99.2%. For the MMI dataset, currently the best accuracy for emotion recognition is 93.33%. The proposed architecture achieves 99.6% for CKP and 98.63% for MMI, therefore performing better than the state of the art using CNNs. Automatic facial expression recognition has a broad spectrum of applications such as human-computer interaction and safety systems. This is due to the fact that non-verbal cues are important forms of communication and play a pivotal role in interpersonal communication. The performance of the proposed architecture endorses the efficacy and reliable usage of the proposed work for real world applications.",,
learned indexes,learned_indexes,learned index data structures or learned database indexing,contain,1,2006.12804,Benchmarking Learned Indexes,"Recent advancements in learned index structures propose replacing existing index structures, like B-Trees, with approximate learned models. In this work, we present a unified benchmark that compares well-tuned implementations of three learned index structures against several state-of-the-art ""traditional"" baselines. Using four real-world datasets, we demonstrate that learned index structures can indeed outperform non-learned indexes in read-only in-memory workloads over a dense array. We also investigate the impact of caching, pipelining, dataset size, and key size. We study the performance profile of learned index structures, and build an explanation for why learned models achieve such good performance. Finally, we investigate other important properties of learned index structures, such as their performance in multi-threaded systems and their build times.",,
learned indexes,learned_indexes,learned index data structures or learned database indexing,contain,2,2410.21164,Differentially Private Learned Indexes,"In this paper, we address the problem of efficiently answering predicate queries on encrypted databases, those secured by Trusted Execution Environments (TEEs), which enable untrusted providers to process encrypted user data without revealing its contents. A common strategy in modern databases to accelerate predicate queries is the use of indexes, which map attribute values (keys) to their corresponding positions in a sorted data array. This allows for fast lookup and retrieval of data subsets that satisfy specific predicates. Unfortunately, indexes cannot be directly applied to encrypted databases due to strong data dependent leakages. Recent approaches apply differential privacy (DP) to construct noisy indexes that enable faster access to encrypted data while maintaining provable privacy guarantees. However, these methods often suffer from large storage costs, with index sizes typically scaling linearly with the key space. To address this challenge, we propose leveraging learned indexes, a trending technique that repurposes machine learning models as indexing structures, to build more compact DP indexes.",,
learned indexes,learned_indexes,learned index data structures or learned database indexing,contain,3,1902.00655,Learned Indexes for Dynamic Workloads,"The recent proposal of learned index structures opens up a new perspective on how traditional range indexes can be optimized. However, the current learned indexes assume the data distribution is relatively static and the access pattern is uniform, while real-world scenarios consist of skew query distribution and evolving data. In this paper, we demonstrate that the missing consideration of access patterns and dynamic data distribution notably hinders the applicability of learned indexes. To this end, we propose solutions for learned indexes for dynamic workloads (called Doraemon). To improve the latency for skew queries, Doraemon augments the training data with access frequencies. To address the slow model re-training when data distribution shifts, Doraemon caches the previously-trained models and incrementally fine-tunes them for similar access patterns and data distribution. Our preliminary result shows that, Doraemon improves the query latency by 45.1% and reduces the model re-training time to 1/20.",,
learned indexes,learned_indexes,learned index data structures or learned database indexing,contain,4,2207.02900,Are Updatable Learned Indexes Ready?,"Recently, numerous promising results have shown that updatable learned indexes can perform better than traditional indexes with much lower memory space consumption. But it is unknown how these learned indexes compare against each other and against the traditional ones under realistic workloads with changing data distributions and concurrency levels. This makes practitioners still wary about how these new indexes would actually behave in practice. To fill this gap, this paper conducts the first comprehensive evaluation on updatable learned indexes. Our evaluation uses ten real datasets and various workloads to challenge learned indexes in three aspects: performance, memory space efficiency and robustness. Based on the results, we give a series of takeaways that can guide the future development and deployment of learned indexes.",,
learned indexes,learned_indexes,learned index data structures or learned database indexing,contain,5,2506.08671,"Evaluating Learned Indexes in LSM-tree Systems: Benchmarks,Insights and Design Choices","LSM-tree-based data stores are widely used in industry due to their exceptional performance. However, as data volumes grow, efficiently querying large-scale databases becomes increasingly challenging. To address this, recent studies attempted to integrate learned indexes into LSM-trees to enhance lookup performance, which has demonstrated promising improvements. Despite this, only a limited range of learned index types has been considered, and the strengths and weaknesses of different learned indexes remain unclear, making them difficult for practical use. To fill this gap, we provide a comprehensive and systematic benchmark to pursue an in-depth understanding of learned indexes in LSM-tree systems. In this work, we summarize the workflow of 8 existing learned indexes and analyze the associated theoretical cost. We also identify several key factors that significantly influence the performance of learned indexes and conclude them with a novel configuration space, including various index types, boundary positions, and granularity. Moreover, we implement different learned index designs on a unified platform to evaluate across various configurations. Surprisingly, our experiments reveal several unexpected insights, such as the marginal lookup enhancement when allocating a large memory budget to learned indexes and modest retraining overhead of learned indexes. Besides, we also offer practical guidelines to help developers intelligently select and tune learned indexes for custom use cases.",,
learned indexes,learned_indexes,learned index data structures or learned database indexing,contain,6,1911.13014,SOSD: A Benchmark for Learned Indexes,"A groundswell of recent work has focused on improving data management systems with learned components. Specifically, work on learned index structures has proposed replacing traditional index structures, such as B-trees, with learned models. Given the decades of research committed to improving index structures, there is significant skepticism about whether learned indexes actually outperform state-of-the-art implementations of traditional structures on real-world data. To answer this question, we propose a new benchmarking framework that comes with a variety of real-world datasets and baseline implementations to compare against. We also show preliminary results for selected index structures, and find that learned models indeed often outperform state-of-the-art implementations, and are therefore a promising direction for future research.",,
learned indexes,learned_indexes,learned index data structures or learned database indexing,contain,7,2305.01237,Updatable Learned Indexes Meet Disk-Resident DBMS -- From Evaluations to Design Choices,"Although many updatable learned indexes have been proposed in recent years, whether they can outperform traditional approaches on disk remains unknown. In this study, we revisit and implement four state-of-the-art updatable learned indexes on disk, and compare them against the B+-tree under a wide range of settings. Through our evaluation, we make some key observations: 1) Overall, the B+-tree performs well across a range of workload types and datasets. 2) A learned index could outperform B+-tree or other learned indexes on disk for a specific workload. For example, PGM achieves the best performance in write-only workloads while LIPP significantly outperforms others in lookup-only workloads. We further conduct a detailed performance analysis to reveal the strengths and weaknesses of these learned indexes on disk. Moreover, we summarize the observed common shortcomings in five categories and propose four design principles to guide future design of on-disk, updatable learned indexes: (1) reducing the index's tree height, (2) better data structures to lower operation overheads, (3) improving the efficiency of scan operations, and (4) more efficient storage layout.",,
learned indexes,learned_indexes,learned index data structures or learned database indexing,contain,8,2407.00590,Evaluating Learned Indexes for External-Memory Joins,"Joins are among the most time-consuming and data-intensive operations in relational query processing. Much research effort has been applied to the optimization of join processing due to their frequent execution. Recent studies have shown that CDF-based learned models can create smaller and faster indexes, accelerating in-memory joins. However, their effectiveness for external-memory joins, which are crucial for large-scale databases, remains underexplored. This paper evaluates the impact of learned indexes on external-memory joins for both sorted and unsorted data. We compare learned index-based joins against traditional join methods such as hash joins, sort joins, and indexed nested-loop joins on real-world and simulated datasets. Additionally, we analyze learned index-based joins across multiple dimensions, including storage device types, data sorting, parallelism, constrained memory environments, and varying model error. The detailed evaluation enables us to determine the most appropriate learned index to employ for external-memory joins. Our experiments reveal that, unlike in-memory settings, learned indexes in external-memory joins can trade off accuracy for space without significantly degrading performance. While learned indexes provide smaller index sizes and faster lookups, they perform similarly to B-trees in external-memory joins since the total amount of I/O, which dominates runtime, remains unchanged. Additionally, the construction times of learned indexes are approximately $1000\times$ longer, and although they are $2-4\times$ smaller than the internal nodes of a B-tree, these nodes only represent $0.4%-1%$ of the data size and typically fit in main memory.",,
learned indexes,learned_indexes,learned index data structures or learned database indexing,contain,9,2403.12433,Algorithmic Complexity Attacks on Dynamic Learned Indexes,"Learned Index Structures (LIS) view a sorted index as a model that learns the data distribution, takes a data element key as input, and outputs the predicted position of the key. The original LIS can only handle lookup operations with no support for updates, rendering it impractical to use for typical workloads. To address this limitation, recent studies have focused on designing efficient dynamic learned indexes. ALEX, as the pioneering dynamic learned index structures, enables dynamism by incorporating a series of design choices, including adaptive key space partitioning, dynamic model retraining, and sophisticated engineering and policies that prioritize read/write performance. While these design choices offer improved average-case performance, the emphasis on flexibility and performance increases the attack surface by allowing adversarial behaviors that maximize ALEX's memory space and time complexity in worst-case scenarios. In this work, we present the first systematic investigation of algorithmic complexity attacks (ACAs) targeting the worst-case scenarios of ALEX. We introduce new ACAs that fall into two categories, space ACAs and time ACAs, which target the memory space and time complexity, respectively. First, our space ACA on data nodes exploits ALEX's gapped array layout and uses Multiple-Choice Knapsack (MCK) to generate an optimal adversarial insertion plan for maximizing the memory consumption at the data node level. Second, our space ACA on internal nodes exploits ALEX's catastrophic cost mitigation mechanism, causing an out-of-memory error with only a few hundred adversarial insertions. Third, our time ACA generates pathological insertions to increase the disparity between the actual key distribution and the linear models of data nodes, deteriorating the runtime performance by up to 1,641X compared to ALEX operating under legitimate workloads.",,
learned indexes,learned_indexes,learned index data structures or learned database indexing,contain,10,2403.06456,A Survey of Learned Indexes for the Multi-dimensional Space,"A recent research trend involves treating database index structures as Machine Learning (ML) models. In this domain, single or multiple ML models are trained to learn the mapping from keys to positions inside a data set. This class of indexes is known as ""Learned Indexes."" Learned indexes have demonstrated improved search performance and reduced space requirements for one-dimensional data. The concept of one-dimensional learned indexes has naturally been extended to multi-dimensional (e.g., spatial) data, leading to the development of ""Learned Multi-dimensional Indexes"". This survey focuses on learned multi-dimensional index structures. Specifically, it reviews the current state of this research area, explains the core concepts behind each proposed method, and classifies these methods based on several well-defined criteria. We present a taxonomy that classifies and categorizes each learned multi-dimensional index, and survey the existing literature on learned multi-dimensional indexes according to this taxonomy. Additionally, we present a timeline to illustrate the evolution of research on learned indexes. Finally, we highlight several open challenges and future research directions in this emerging and highly active field.",,
learned indexes,learned_indexes,learned index data structures or learned database indexing,fuzzy,1,2006.12804,Benchmarking Learned Indexes,"Recent advancements in learned index structures propose replacing existing index structures, like B-Trees, with approximate learned models. In this work, we present a unified benchmark that compares well-tuned implementations of three learned index structures against several state-of-the-art ""traditional"" baselines. Using four real-world datasets, we demonstrate that learned index structures can indeed outperform non-learned indexes in read-only in-memory workloads over a dense array. We also investigate the impact of caching, pipelining, dataset size, and key size. We study the performance profile of learned index structures, and build an explanation for why learned models achieve such good performance. Finally, we investigate other important properties of learned index structures, such as their performance in multi-threaded systems and their build times.",,
learned indexes,learned_indexes,learned index data structures or learned database indexing,fuzzy,2,2410.21164,Differentially Private Learned Indexes,"In this paper, we address the problem of efficiently answering predicate queries on encrypted databases, those secured by Trusted Execution Environments (TEEs), which enable untrusted providers to process encrypted user data without revealing its contents. A common strategy in modern databases to accelerate predicate queries is the use of indexes, which map attribute values (keys) to their corresponding positions in a sorted data array. This allows for fast lookup and retrieval of data subsets that satisfy specific predicates. Unfortunately, indexes cannot be directly applied to encrypted databases due to strong data dependent leakages. Recent approaches apply differential privacy (DP) to construct noisy indexes that enable faster access to encrypted data while maintaining provable privacy guarantees. However, these methods often suffer from large storage costs, with index sizes typically scaling linearly with the key space. To address this challenge, we propose leveraging learned indexes, a trending technique that repurposes machine learning models as indexing structures, to build more compact DP indexes.",,
learned indexes,learned_indexes,learned index data structures or learned database indexing,fuzzy,3,1902.00655,Learned Indexes for Dynamic Workloads,"The recent proposal of learned index structures opens up a new perspective on how traditional range indexes can be optimized. However, the current learned indexes assume the data distribution is relatively static and the access pattern is uniform, while real-world scenarios consist of skew query distribution and evolving data. In this paper, we demonstrate that the missing consideration of access patterns and dynamic data distribution notably hinders the applicability of learned indexes. To this end, we propose solutions for learned indexes for dynamic workloads (called Doraemon). To improve the latency for skew queries, Doraemon augments the training data with access frequencies. To address the slow model re-training when data distribution shifts, Doraemon caches the previously-trained models and incrementally fine-tunes them for similar access patterns and data distribution. Our preliminary result shows that, Doraemon improves the query latency by 45.1% and reduces the model re-training time to 1/20.",,
learned indexes,learned_indexes,learned index data structures or learned database indexing,fuzzy,4,2207.02900,Are Updatable Learned Indexes Ready?,"Recently, numerous promising results have shown that updatable learned indexes can perform better than traditional indexes with much lower memory space consumption. But it is unknown how these learned indexes compare against each other and against the traditional ones under realistic workloads with changing data distributions and concurrency levels. This makes practitioners still wary about how these new indexes would actually behave in practice. To fill this gap, this paper conducts the first comprehensive evaluation on updatable learned indexes. Our evaluation uses ten real datasets and various workloads to challenge learned indexes in three aspects: performance, memory space efficiency and robustness. Based on the results, we give a series of takeaways that can guide the future development and deployment of learned indexes.",,
learned indexes,learned_indexes,learned index data structures or learned database indexing,fuzzy,5,2008.10349,The Case for Learned Spatial Indexes,"Spatial data is ubiquitous. Massive amounts of data are generated every day from billions of GPS-enabled devices such as cell phones, cars, sensors, and various consumer-based applications such as Uber, Tinder, location-tagged posts in Facebook, Twitter, Instagram, etc. This exponential growth in spatial data has led the research community to focus on building systems and applications that can process spatial data efficiently. In the meantime, recent research has introduced learned index structures. In this work, we use techniques proposed from a state-of-the art learned multi-dimensional index structure (namely, Flood) and apply them to five classical multi-dimensional indexes to be able to answer spatial range queries. By tuning each partitioning technique for optimal performance, we show that (i) machine learned search within a partition is faster by 11.79\% to 39.51\% than binary search when using filtering on one dimension, (ii) the bottleneck for tree structures is index lookup, which could potentially be improved by linearizing the indexed partitions (iii) filtering on one dimension and refining using machine learned indexes is 1.23x to 1.83x times faster than closest competitor which filters on two dimensions, and (iv) learned indexes can have a significant impact on the performance of low selectivity queries while being less effective under higher selectivities.",,
learned indexes,learned_indexes,learned index data structures or learned database indexing,fuzzy,6,1911.13014,SOSD: A Benchmark for Learned Indexes,"A groundswell of recent work has focused on improving data management systems with learned components. Specifically, work on learned index structures has proposed replacing traditional index structures, such as B-trees, with learned models. Given the decades of research committed to improving index structures, there is significant skepticism about whether learned indexes actually outperform state-of-the-art implementations of traditional structures on real-world data. To answer this question, we propose a new benchmarking framework that comes with a variety of real-world datasets and baseline implementations to compare against. We also show preliminary results for selected index structures, and find that learned models indeed often outperform state-of-the-art implementations, and are therefore a promising direction for future research.",,
learned indexes,learned_indexes,learned index data structures or learned database indexing,fuzzy,7,2407.00590,Evaluating Learned Indexes for External-Memory Joins,"Joins are among the most time-consuming and data-intensive operations in relational query processing. Much research effort has been applied to the optimization of join processing due to their frequent execution. Recent studies have shown that CDF-based learned models can create smaller and faster indexes, accelerating in-memory joins. However, their effectiveness for external-memory joins, which are crucial for large-scale databases, remains underexplored. This paper evaluates the impact of learned indexes on external-memory joins for both sorted and unsorted data. We compare learned index-based joins against traditional join methods such as hash joins, sort joins, and indexed nested-loop joins on real-world and simulated datasets. Additionally, we analyze learned index-based joins across multiple dimensions, including storage device types, data sorting, parallelism, constrained memory environments, and varying model error. The detailed evaluation enables us to determine the most appropriate learned index to employ for external-memory joins. Our experiments reveal that, unlike in-memory settings, learned indexes in external-memory joins can trade off accuracy for space without significantly degrading performance. While learned indexes provide smaller index sizes and faster lookups, they perform similarly to B-trees in external-memory joins since the total amount of I/O, which dominates runtime, remains unchanged. Additionally, the construction times of learned indexes are approximately $1000\times$ longer, and although they are $2-4\times$ smaller than the internal nodes of a B-tree, these nodes only represent $0.4%-1%$ of the data size and typically fit in main memory.",,
learned indexes,learned_indexes,learned index data structures or learned database indexing,fuzzy,8,2403.12433,Algorithmic Complexity Attacks on Dynamic Learned Indexes,"Learned Index Structures (LIS) view a sorted index as a model that learns the data distribution, takes a data element key as input, and outputs the predicted position of the key. The original LIS can only handle lookup operations with no support for updates, rendering it impractical to use for typical workloads. To address this limitation, recent studies have focused on designing efficient dynamic learned indexes. ALEX, as the pioneering dynamic learned index structures, enables dynamism by incorporating a series of design choices, including adaptive key space partitioning, dynamic model retraining, and sophisticated engineering and policies that prioritize read/write performance. While these design choices offer improved average-case performance, the emphasis on flexibility and performance increases the attack surface by allowing adversarial behaviors that maximize ALEX's memory space and time complexity in worst-case scenarios. In this work, we present the first systematic investigation of algorithmic complexity attacks (ACAs) targeting the worst-case scenarios of ALEX. We introduce new ACAs that fall into two categories, space ACAs and time ACAs, which target the memory space and time complexity, respectively. First, our space ACA on data nodes exploits ALEX's gapped array layout and uses Multiple-Choice Knapsack (MCK) to generate an optimal adversarial insertion plan for maximizing the memory consumption at the data node level. Second, our space ACA on internal nodes exploits ALEX's catastrophic cost mitigation mechanism, causing an out-of-memory error with only a few hundred adversarial insertions. Third, our time ACA generates pathological insertions to increase the disparity between the actual key distribution and the linear models of data nodes, deteriorating the runtime performance by up to 1,641X compared to ALEX operating under legitimate workloads.",,
learned indexes,learned_indexes,learned index data structures or learned database indexing,fuzzy,9,2406.18892,LearnedKV: Integrating LSM and Learned Index for Superior Performance on Storage,"We present LearnedKV, a novel tiered key-value store that seamlessly integrates a Log-Structured Merge (LSM) tree with a Learned Index to achieve superior read and write performance on storage systems. While existing approaches use learned indexes primarily as auxiliary components within LSM trees, LearnedKV employs a two-tier design where the LSM tree handles recent write operations while a separate Learned Index accelerates read performance. Our design includes a non-blocking conversion mechanism that efficiently transforms LSM data into a Learned Index during garbage collection, maintaining high performance without interrupting operations. LearnedKV dramatically reduces LSM size through this tiered approach, leading to significant performance gains in both reads and writes. Extensive evaluations across diverse workloads show that LearnedKV outperforms state-of-the-art LSM-based solutions by up to 4.32x for read operations and 1.43x for writes. The system demonstrates robust performance across different data distributions, access patterns, and storage media including both SSDs and HDDs.",,
learned indexes,learned_indexes,learned index data structures or learned database indexing,fuzzy,10,2405.03851,Querying in Constant Expected Time with Learned Indexes,"Learned indexes leverage machine learning models to accelerate query answering in databases, showing impressive practical performance. However, theoretical understanding of these methods remains incomplete. Existing research suggests that learned indexes have superior asymptotic complexity compared to their non-learned counterparts, but these findings have been established under restrictive probabilistic assumptions. Specifically, for a sorted array with $n$ elements, it has been shown that learned indexes can find a key in $O(\log(\log n))$ expected time using at most linear space, compared with $O(\log n)$ for non-learned methods. In this work, we prove $O(1)$ expected time can be achieved with at most linear space, thereby establishing the tightest upper bound so far for the time complexity of an asymptotically optimal learned index. Notably, we use weaker probabilistic assumptions than prior research, meaning our work generalizes previous results. Furthermore, we introduce a new measure of statistical complexity for data. This metric exhibits an information-theoretical interpretation and can be estimated in practice. This characterization provides further theoretical understanding of learned indexes, by helping to explain why some datasets seem to be particularly challenging for these methods.",,
learned indexes,learned_indexes,learned index data structures or learned database indexing,hybrid,1,2006.12804,Benchmarking Learned Indexes,"Recent advancements in learned index structures propose replacing existing index structures, like B-Trees, with approximate learned models. In this work, we present a unified benchmark that compares well-tuned implementations of three learned index structures against several state-of-the-art ""traditional"" baselines. Using four real-world datasets, we demonstrate that learned index structures can indeed outperform non-learned indexes in read-only in-memory workloads over a dense array. We also investigate the impact of caching, pipelining, dataset size, and key size. We study the performance profile of learned index structures, and build an explanation for why learned models achieve such good performance. Finally, we investigate other important properties of learned index structures, such as their performance in multi-threaded systems and their build times.",,
learned indexes,learned_indexes,learned index data structures or learned database indexing,hybrid,2,2410.21164,Differentially Private Learned Indexes,"In this paper, we address the problem of efficiently answering predicate queries on encrypted databases, those secured by Trusted Execution Environments (TEEs), which enable untrusted providers to process encrypted user data without revealing its contents. A common strategy in modern databases to accelerate predicate queries is the use of indexes, which map attribute values (keys) to their corresponding positions in a sorted data array. This allows for fast lookup and retrieval of data subsets that satisfy specific predicates. Unfortunately, indexes cannot be directly applied to encrypted databases due to strong data dependent leakages. Recent approaches apply differential privacy (DP) to construct noisy indexes that enable faster access to encrypted data while maintaining provable privacy guarantees. However, these methods often suffer from large storage costs, with index sizes typically scaling linearly with the key space. To address this challenge, we propose leveraging learned indexes, a trending technique that repurposes machine learning models as indexing structures, to build more compact DP indexes.",,
learned indexes,learned_indexes,learned index data structures or learned database indexing,hybrid,3,1902.00655,Learned Indexes for Dynamic Workloads,"The recent proposal of learned index structures opens up a new perspective on how traditional range indexes can be optimized. However, the current learned indexes assume the data distribution is relatively static and the access pattern is uniform, while real-world scenarios consist of skew query distribution and evolving data. In this paper, we demonstrate that the missing consideration of access patterns and dynamic data distribution notably hinders the applicability of learned indexes. To this end, we propose solutions for learned indexes for dynamic workloads (called Doraemon). To improve the latency for skew queries, Doraemon augments the training data with access frequencies. To address the slow model re-training when data distribution shifts, Doraemon caches the previously-trained models and incrementally fine-tunes them for similar access patterns and data distribution. Our preliminary result shows that, Doraemon improves the query latency by 45.1% and reduces the model re-training time to 1/20.",,
learned indexes,learned_indexes,learned index data structures or learned database indexing,hybrid,4,2207.02900,Are Updatable Learned Indexes Ready?,"Recently, numerous promising results have shown that updatable learned indexes can perform better than traditional indexes with much lower memory space consumption. But it is unknown how these learned indexes compare against each other and against the traditional ones under realistic workloads with changing data distributions and concurrency levels. This makes practitioners still wary about how these new indexes would actually behave in practice. To fill this gap, this paper conducts the first comprehensive evaluation on updatable learned indexes. Our evaluation uses ten real datasets and various workloads to challenge learned indexes in three aspects: performance, memory space efficiency and robustness. Based on the results, we give a series of takeaways that can guide the future development and deployment of learned indexes.",,
learned indexes,learned_indexes,learned index data structures or learned database indexing,hybrid,5,1911.13014,SOSD: A Benchmark for Learned Indexes,"A groundswell of recent work has focused on improving data management systems with learned components. Specifically, work on learned index structures has proposed replacing traditional index structures, such as B-trees, with learned models. Given the decades of research committed to improving index structures, there is significant skepticism about whether learned indexes actually outperform state-of-the-art implementations of traditional structures on real-world data. To answer this question, we propose a new benchmarking framework that comes with a variety of real-world datasets and baseline implementations to compare against. We also show preliminary results for selected index structures, and find that learned models indeed often outperform state-of-the-art implementations, and are therefore a promising direction for future research.",,
learned indexes,learned_indexes,learned index data structures or learned database indexing,hybrid,6,2407.00590,Evaluating Learned Indexes for External-Memory Joins,"Joins are among the most time-consuming and data-intensive operations in relational query processing. Much research effort has been applied to the optimization of join processing due to their frequent execution. Recent studies have shown that CDF-based learned models can create smaller and faster indexes, accelerating in-memory joins. However, their effectiveness for external-memory joins, which are crucial for large-scale databases, remains underexplored. This paper evaluates the impact of learned indexes on external-memory joins for both sorted and unsorted data. We compare learned index-based joins against traditional join methods such as hash joins, sort joins, and indexed nested-loop joins on real-world and simulated datasets. Additionally, we analyze learned index-based joins across multiple dimensions, including storage device types, data sorting, parallelism, constrained memory environments, and varying model error. The detailed evaluation enables us to determine the most appropriate learned index to employ for external-memory joins. Our experiments reveal that, unlike in-memory settings, learned indexes in external-memory joins can trade off accuracy for space without significantly degrading performance. While learned indexes provide smaller index sizes and faster lookups, they perform similarly to B-trees in external-memory joins since the total amount of I/O, which dominates runtime, remains unchanged. Additionally, the construction times of learned indexes are approximately $1000\times$ longer, and although they are $2-4\times$ smaller than the internal nodes of a B-tree, these nodes only represent $0.4%-1%$ of the data size and typically fit in main memory.",,
learned indexes,learned_indexes,learned index data structures or learned database indexing,hybrid,7,2403.12433,Algorithmic Complexity Attacks on Dynamic Learned Indexes,"Learned Index Structures (LIS) view a sorted index as a model that learns the data distribution, takes a data element key as input, and outputs the predicted position of the key. The original LIS can only handle lookup operations with no support for updates, rendering it impractical to use for typical workloads. To address this limitation, recent studies have focused on designing efficient dynamic learned indexes. ALEX, as the pioneering dynamic learned index structures, enables dynamism by incorporating a series of design choices, including adaptive key space partitioning, dynamic model retraining, and sophisticated engineering and policies that prioritize read/write performance. While these design choices offer improved average-case performance, the emphasis on flexibility and performance increases the attack surface by allowing adversarial behaviors that maximize ALEX's memory space and time complexity in worst-case scenarios. In this work, we present the first systematic investigation of algorithmic complexity attacks (ACAs) targeting the worst-case scenarios of ALEX. We introduce new ACAs that fall into two categories, space ACAs and time ACAs, which target the memory space and time complexity, respectively. First, our space ACA on data nodes exploits ALEX's gapped array layout and uses Multiple-Choice Knapsack (MCK) to generate an optimal adversarial insertion plan for maximizing the memory consumption at the data node level. Second, our space ACA on internal nodes exploits ALEX's catastrophic cost mitigation mechanism, causing an out-of-memory error with only a few hundred adversarial insertions. Third, our time ACA generates pathological insertions to increase the disparity between the actual key distribution and the linear models of data nodes, deteriorating the runtime performance by up to 1,641X compared to ALEX operating under legitimate workloads.",,
learned indexes,learned_indexes,learned index data structures or learned database indexing,hybrid,8,2405.03851,Querying in Constant Expected Time with Learned Indexes,"Learned indexes leverage machine learning models to accelerate query answering in databases, showing impressive practical performance. However, theoretical understanding of these methods remains incomplete. Existing research suggests that learned indexes have superior asymptotic complexity compared to their non-learned counterparts, but these findings have been established under restrictive probabilistic assumptions. Specifically, for a sorted array with $n$ elements, it has been shown that learned indexes can find a key in $O(\log(\log n))$ expected time using at most linear space, compared with $O(\log n)$ for non-learned methods. In this work, we prove $O(1)$ expected time can be achieved with at most linear space, thereby establishing the tightest upper bound so far for the time complexity of an asymptotically optimal learned index. Notably, we use weaker probabilistic assumptions than prior research, meaning our work generalizes previous results. Furthermore, we introduce a new measure of statistical complexity for data. This metric exhibits an information-theoretical interpretation and can be estimated in practice. This characterization provides further theoretical understanding of learned indexes, by helping to explain why some datasets seem to be particularly challenging for these methods.",,
learned indexes,learned_indexes,learned index data structures or learned database indexing,hybrid,9,2506.08671,"Evaluating Learned Indexes in LSM-tree Systems: Benchmarks,Insights and Design Choices","LSM-tree-based data stores are widely used in industry due to their exceptional performance. However, as data volumes grow, efficiently querying large-scale databases becomes increasingly challenging. To address this, recent studies attempted to integrate learned indexes into LSM-trees to enhance lookup performance, which has demonstrated promising improvements. Despite this, only a limited range of learned index types has been considered, and the strengths and weaknesses of different learned indexes remain unclear, making them difficult for practical use. To fill this gap, we provide a comprehensive and systematic benchmark to pursue an in-depth understanding of learned indexes in LSM-tree systems. In this work, we summarize the workflow of 8 existing learned indexes and analyze the associated theoretical cost. We also identify several key factors that significantly influence the performance of learned indexes and conclude them with a novel configuration space, including various index types, boundary positions, and granularity. Moreover, we implement different learned index designs on a unified platform to evaluate across various configurations. Surprisingly, our experiments reveal several unexpected insights, such as the marginal lookup enhancement when allocating a large memory budget to learned indexes and modest retraining overhead of learned indexes. Besides, we also offer practical guidelines to help developers intelligently select and tune learned indexes for custom use cases.",,
learned indexes,learned_indexes,learned index data structures or learned database indexing,hybrid,10,2408.06134,Learned Indexes with Distribution Smoothing via Virtual Points,"Recent research on learned indexes has created a new perspective for indexes as models that map keys to their respective storage locations. These learned indexes are created to approximate the cumulative distribution function of the key set, where using only a single model may have limited accuracy. To overcome this limitation, a typical method is to use multiple models, arranged in a hierarchical manner, where the query performance depends on two aspects: (i) traversal time to find the correct model and (ii) search time to find the key in the selected model. Such a method may cause some key space regions that are difficult to model to be placed at deeper levels in the hierarchy. To address this issue, we propose an alternative method that modifies the key space as opposed to any structural or model modifications. This is achieved through making the key set more learnable (i.e., smoothing the distribution) by inserting virtual points. Furthermore, we develop an algorithm named CSV to integrate our virtual point insertion method into existing learned indexes, reducing both their traversal and search time. We implement CSV on state-of-the-art learned indexes and evaluate them on real-world datasets. Extensive experimental results show significant query performance improvement for the keys in deeper levels of the index structures at a low storage cost.",,
learned indexes,learned_indexes,learned index data structures or learned database indexing,keyword,1,2006.12804,Benchmarking Learned Indexes,"Recent advancements in learned index structures propose replacing existing index structures, like B-Trees, with approximate learned models. In this work, we present a unified benchmark that compares well-tuned implementations of three learned index structures against several state-of-the-art ""traditional"" baselines. Using four real-world datasets, we demonstrate that learned index structures can indeed outperform non-learned indexes in read-only in-memory workloads over a dense array. We also investigate the impact of caching, pipelining, dataset size, and key size. We study the performance profile of learned index structures, and build an explanation for why learned models achieve such good performance. Finally, we investigate other important properties of learned index structures, such as their performance in multi-threaded systems and their build times.",,
learned indexes,learned_indexes,learned index data structures or learned database indexing,keyword,2,2410.21164,Differentially Private Learned Indexes,"In this paper, we address the problem of efficiently answering predicate queries on encrypted databases, those secured by Trusted Execution Environments (TEEs), which enable untrusted providers to process encrypted user data without revealing its contents. A common strategy in modern databases to accelerate predicate queries is the use of indexes, which map attribute values (keys) to their corresponding positions in a sorted data array. This allows for fast lookup and retrieval of data subsets that satisfy specific predicates. Unfortunately, indexes cannot be directly applied to encrypted databases due to strong data dependent leakages. Recent approaches apply differential privacy (DP) to construct noisy indexes that enable faster access to encrypted data while maintaining provable privacy guarantees. However, these methods often suffer from large storage costs, with index sizes typically scaling linearly with the key space. To address this challenge, we propose leveraging learned indexes, a trending technique that repurposes machine learning models as indexing structures, to build more compact DP indexes.",,
learned indexes,learned_indexes,learned index data structures or learned database indexing,keyword,3,1902.00655,Learned Indexes for Dynamic Workloads,"The recent proposal of learned index structures opens up a new perspective on how traditional range indexes can be optimized. However, the current learned indexes assume the data distribution is relatively static and the access pattern is uniform, while real-world scenarios consist of skew query distribution and evolving data. In this paper, we demonstrate that the missing consideration of access patterns and dynamic data distribution notably hinders the applicability of learned indexes. To this end, we propose solutions for learned indexes for dynamic workloads (called Doraemon). To improve the latency for skew queries, Doraemon augments the training data with access frequencies. To address the slow model re-training when data distribution shifts, Doraemon caches the previously-trained models and incrementally fine-tunes them for similar access patterns and data distribution. Our preliminary result shows that, Doraemon improves the query latency by 45.1% and reduces the model re-training time to 1/20.",,
learned indexes,learned_indexes,learned index data structures or learned database indexing,keyword,4,2207.02900,Are Updatable Learned Indexes Ready?,"Recently, numerous promising results have shown that updatable learned indexes can perform better than traditional indexes with much lower memory space consumption. But it is unknown how these learned indexes compare against each other and against the traditional ones under realistic workloads with changing data distributions and concurrency levels. This makes practitioners still wary about how these new indexes would actually behave in practice. To fill this gap, this paper conducts the first comprehensive evaluation on updatable learned indexes. Our evaluation uses ten real datasets and various workloads to challenge learned indexes in three aspects: performance, memory space efficiency and robustness. Based on the results, we give a series of takeaways that can guide the future development and deployment of learned indexes.",,
learned indexes,learned_indexes,learned index data structures or learned database indexing,keyword,5,2008.10349,The Case for Learned Spatial Indexes,"Spatial data is ubiquitous. Massive amounts of data are generated every day from billions of GPS-enabled devices such as cell phones, cars, sensors, and various consumer-based applications such as Uber, Tinder, location-tagged posts in Facebook, Twitter, Instagram, etc. This exponential growth in spatial data has led the research community to focus on building systems and applications that can process spatial data efficiently. In the meantime, recent research has introduced learned index structures. In this work, we use techniques proposed from a state-of-the art learned multi-dimensional index structure (namely, Flood) and apply them to five classical multi-dimensional indexes to be able to answer spatial range queries. By tuning each partitioning technique for optimal performance, we show that (i) machine learned search within a partition is faster by 11.79\% to 39.51\% than binary search when using filtering on one dimension, (ii) the bottleneck for tree structures is index lookup, which could potentially be improved by linearizing the indexed partitions (iii) filtering on one dimension and refining using machine learned indexes is 1.23x to 1.83x times faster than closest competitor which filters on two dimensions, and (iv) learned indexes can have a significant impact on the performance of low selectivity queries while being less effective under higher selectivities.",,
learned indexes,learned_indexes,learned index data structures or learned database indexing,keyword,6,1911.13014,SOSD: A Benchmark for Learned Indexes,"A groundswell of recent work has focused on improving data management systems with learned components. Specifically, work on learned index structures has proposed replacing traditional index structures, such as B-trees, with learned models. Given the decades of research committed to improving index structures, there is significant skepticism about whether learned indexes actually outperform state-of-the-art implementations of traditional structures on real-world data. To answer this question, we propose a new benchmarking framework that comes with a variety of real-world datasets and baseline implementations to compare against. We also show preliminary results for selected index structures, and find that learned models indeed often outperform state-of-the-art implementations, and are therefore a promising direction for future research.",,
learned indexes,learned_indexes,learned index data structures or learned database indexing,keyword,7,2407.00590,Evaluating Learned Indexes for External-Memory Joins,"Joins are among the most time-consuming and data-intensive operations in relational query processing. Much research effort has been applied to the optimization of join processing due to their frequent execution. Recent studies have shown that CDF-based learned models can create smaller and faster indexes, accelerating in-memory joins. However, their effectiveness for external-memory joins, which are crucial for large-scale databases, remains underexplored. This paper evaluates the impact of learned indexes on external-memory joins for both sorted and unsorted data. We compare learned index-based joins against traditional join methods such as hash joins, sort joins, and indexed nested-loop joins on real-world and simulated datasets. Additionally, we analyze learned index-based joins across multiple dimensions, including storage device types, data sorting, parallelism, constrained memory environments, and varying model error. The detailed evaluation enables us to determine the most appropriate learned index to employ for external-memory joins. Our experiments reveal that, unlike in-memory settings, learned indexes in external-memory joins can trade off accuracy for space without significantly degrading performance. While learned indexes provide smaller index sizes and faster lookups, they perform similarly to B-trees in external-memory joins since the total amount of I/O, which dominates runtime, remains unchanged. Additionally, the construction times of learned indexes are approximately $1000\times$ longer, and although they are $2-4\times$ smaller than the internal nodes of a B-tree, these nodes only represent $0.4%-1%$ of the data size and typically fit in main memory.",,
learned indexes,learned_indexes,learned index data structures or learned database indexing,keyword,8,2403.12433,Algorithmic Complexity Attacks on Dynamic Learned Indexes,"Learned Index Structures (LIS) view a sorted index as a model that learns the data distribution, takes a data element key as input, and outputs the predicted position of the key. The original LIS can only handle lookup operations with no support for updates, rendering it impractical to use for typical workloads. To address this limitation, recent studies have focused on designing efficient dynamic learned indexes. ALEX, as the pioneering dynamic learned index structures, enables dynamism by incorporating a series of design choices, including adaptive key space partitioning, dynamic model retraining, and sophisticated engineering and policies that prioritize read/write performance. While these design choices offer improved average-case performance, the emphasis on flexibility and performance increases the attack surface by allowing adversarial behaviors that maximize ALEX's memory space and time complexity in worst-case scenarios. In this work, we present the first systematic investigation of algorithmic complexity attacks (ACAs) targeting the worst-case scenarios of ALEX. We introduce new ACAs that fall into two categories, space ACAs and time ACAs, which target the memory space and time complexity, respectively. First, our space ACA on data nodes exploits ALEX's gapped array layout and uses Multiple-Choice Knapsack (MCK) to generate an optimal adversarial insertion plan for maximizing the memory consumption at the data node level. Second, our space ACA on internal nodes exploits ALEX's catastrophic cost mitigation mechanism, causing an out-of-memory error with only a few hundred adversarial insertions. Third, our time ACA generates pathological insertions to increase the disparity between the actual key distribution and the linear models of data nodes, deteriorating the runtime performance by up to 1,641X compared to ALEX operating under legitimate workloads.",,
learned indexes,learned_indexes,learned index data structures or learned database indexing,keyword,9,2405.03851,Querying in Constant Expected Time with Learned Indexes,"Learned indexes leverage machine learning models to accelerate query answering in databases, showing impressive practical performance. However, theoretical understanding of these methods remains incomplete. Existing research suggests that learned indexes have superior asymptotic complexity compared to their non-learned counterparts, but these findings have been established under restrictive probabilistic assumptions. Specifically, for a sorted array with $n$ elements, it has been shown that learned indexes can find a key in $O(\log(\log n))$ expected time using at most linear space, compared with $O(\log n)$ for non-learned methods. In this work, we prove $O(1)$ expected time can be achieved with at most linear space, thereby establishing the tightest upper bound so far for the time complexity of an asymptotically optimal learned index. Notably, we use weaker probabilistic assumptions than prior research, meaning our work generalizes previous results. Furthermore, we introduce a new measure of statistical complexity for data. This metric exhibits an information-theoretical interpretation and can be estimated in practice. This characterization provides further theoretical understanding of learned indexes, by helping to explain why some datasets seem to be particularly challenging for these methods.",,
learned indexes,learned_indexes,learned index data structures or learned database indexing,keyword,10,2408.06134,Learned Indexes with Distribution Smoothing via Virtual Points,"Recent research on learned indexes has created a new perspective for indexes as models that map keys to their respective storage locations. These learned indexes are created to approximate the cumulative distribution function of the key set, where using only a single model may have limited accuracy. To overcome this limitation, a typical method is to use multiple models, arranged in a hierarchical manner, where the query performance depends on two aspects: (i) traversal time to find the correct model and (ii) search time to find the key in the selected model. Such a method may cause some key space regions that are difficult to model to be placed at deeper levels in the hierarchy. To address this issue, we propose an alternative method that modifies the key space as opposed to any structural or model modifications. This is achieved through making the key set more learnable (i.e., smoothing the distribution) by inserting virtual points. Furthermore, we develop an algorithm named CSV to integrate our virtual point insertion method into existing learned indexes, reducing both their traversal and search time. We implement CSV on state-of-the-art learned indexes and evaluate them on real-world datasets. Extensive experimental results show significant query performance improvement for the keys in deeper levels of the index structures at a low storage cost.",,
query optimization,query_optimization,database or information-system query optimization,contain,1,2603.24617,Multi-LLM Query Optimization,"Deploying multiple large language models (LLMs) in parallel to classify an unknown ground-truth label is a common practice, yet the problem of optimally allocating queries across heterogeneous models remains poorly understood. In this paper, we formulate a robust, offline query-planning problem that minimizes total query cost subject to statewise error constraints which guarantee reliability for every possible ground-truth label. We first establish that this problem is NP-hard via a reduction from the minimum-weight set cover problem. To overcome this intractability, we develop a surrogate by combining a union bound decomposition of the multi-class error into pairwise comparisons with Chernoff-type concentration bounds. The resulting surrogate admits a closed-form, multiplicatively separable expression in the query counts and is guaranteed to be feasibility-preserving. We further show that the surrogate is asymptotically tight at the optimization level: the ratio of surrogate-optimal cost to true optimal cost converges to one as error tolerances shrink, with an explicit rate of $O\left(\log\log(1/\alpha_{\min}) / \log(1/\alpha_{\min})\right)$. Finally, we design an asymptotic fully polynomial-time approximation scheme (AFPTAS) that returns a surrogate-feasible query plan within a $(1+\varepsilon)$ factor of the surrogate optimum.",,
query optimization,query_optimization,database or information-system query optimization,contain,2,2312.04282,Adaptive Recursive Query Optimization,"Performance-critical industrial applications, including large-scale program, network, and distributed system analyses, are increasingly reliant on recursive queries for data analysis. Yet traditional relational algebra-based query optimization techniques do not scale well to recursive query processing due to the iterative nature of query evaluation, where relation cardinalities can change unpredictably during the course of a single query execution. To avoid error-prone cardinality estimation, adaptive query processing techniques use runtime information to inform query optimization, but these systems are not optimized for the specific needs of recursive query processing. In this paper, we introduce Adaptive Metaprogramming, an innovative technique that shifts recursive query optimization and code generation from compile-time to runtime using principled metaprogramming, enabling dynamic optimization and re-optimization before and after query execution has begun. We present a custom join-ordering optimization applicable at multiple stages during query compilation and execution. Through Carac, a custom Datalog engine, we evaluate the optimization potential of Adaptive Metaprogramming and show unoptimized recursive query execution time can be improved by three orders of magnitude and hand-optimized queries by 6x.",,
query optimization,query_optimization,database or information-system query optimization,contain,3,1003.4353,XPath Whole Query Optimization,"Previous work reports about SXSI, a fast XPath engine which executes tree automata over compressed XML indexes. Here, reasons are investigated why SXSI is so fast. It is shown that tree automata can be used as a general framework for fine grained XML query optimization. We define the ""relevant nodes"" of a query as those nodes that a minimal automaton must touch in order to answer the query. This notion allows to skip many subtrees during execution, and, with the help of particular tree indexes, even allows to skip internal nodes of the tree. We efficiently approximate runs over relevant nodes by means of on-the-fly removal of alternation and non-determinism of (alternating) tree automata. We also introduce many implementation techniques which allows us to efficiently evaluate tree automata, even in the absence of special indexes. Through extensive experiments, we demonstrate the impact of the different optimization techniques.",,
query optimization,query_optimization,database or information-system query optimization,contain,4,2102.02440,Online Sketch-based Query Optimization,"Cost-based query optimization remains a critical task in relational databases even after decades of research and industrial development. Query optimizers rely on a large range of statistical synopses -- including attribute-level histograms and table-level samples -- for accurate cardinality estimation. As the complexity of selection predicates and the number of join predicates increase, two problems arise. First, statistics cannot be incrementally composed to effectively estimate the cost of the sub-plans generated in plan enumeration. Second, small errors are propagated exponentially through join operators, which can lead to severely sub-optimal plans. In this paper, we introduce COMPASS, a novel query optimization paradigm for in-memory databases based on a single type of statistics -- Fast-AGMS sketches. In COMPASS, query optimization and execution are intertwined. Selection predicates and sketch updates are pushed-down and evaluated online during query optimization. This allows Fast-AGMS sketches to be computed only over the relevant tuples -- which enhances cardinality estimation accuracy. Plan enumeration is performed over the query join graph by incrementally composing attribute-level sketches -- not by building a separate sketch for every sub-plan. We prototype COMPASS in MapD -- an open-source parallel database -- and perform extensive experiments over the complete JOB benchmark. The results prove that COMPASS generates better execution plans -- both in terms of cardinality and runtime -- compared to four other database systems. Overall, COMPASS achieves a speedup ranging from 1.35X to 11.28X in cumulative query execution time over the considered competitors.",,
query optimization,query_optimization,database or information-system query optimization,contain,5,1608.04686,Multi Query Optimization in GLADE,"SQL-on-Hadoop systems, query optimization, data distribution over multiple nodes and parallelization techniques are few of the areas under extreme research these days. Big names like Amazon, Google, Microsoft and many more are working on implementing systems for faster access of data from multiple nodes reducing data mobility and increasing the parallelization. Queries are retrieved and reviewed by the database systems in an efficient way in the least amount of time by the introduction of various parallelization techniques by running the same query in parallel over different nodes carrying the data. Apart from multi-threading parallelization, there is another way of parallelization that can be performed in order to further reduce retrieval time hence improving the efficiency of the system; parallelization on user queries on top of a DBMS/RDBMS. In this paper, we will study one such technique of how multiple queries can run simultaneously on a system in order to increase the efficiency by reducing the data retrieval from the storage. Maximum sharing of workload has been performed by generating optimal and ubiquitous join plans for a set of queries and then fed them to GLADE (Generalized Linear Aggregate Distribution Engine), a scalable distributed system for large scale data analytics. Our main work is centered on generating GLADE join plans for a Multi-Query satisfying maximum number of queries in order to maximize data sharing and minimize data retrieval for each individual query.",,
query optimization,query_optimization,database or information-system query optimization,contain,6,1407.3745,Query Optimization for Dynamic Graphs,"Given a query graph that represents a pattern of interest, the emerging pattern detection problem can be viewed as a continuous query problem on a dynamic graph. We present an incremental algorithm for continuous query processing on dynamic graphs. The algorithm is based on the concept of query decomposition; we decompose a query graph into smaller subgraphs and assemble the result of sub-queries to find complete matches with the specified query. The novelty of our work lies in using the subgraph distributional statistics collected from the dynamic graph to generate the decomposition. We introduce a ""Lazy Search"" algorithm where the search strategy is decided on a vertex-to-vertex basis depending on the likelihood of a match in the vertex neighborhood. We also propose a metric named ""Relative Selectivity"" that is used to select between different query decomposition strategies. Our experiments performed on real online news, network traffic stream and a synthetic social network benchmark demonstrate 10-100x speedups over competing approaches.",,
query optimization,query_optimization,database or information-system query optimization,contain,7,0812.3788,Foundations of SPARQL Query Optimization,"The SPARQL query language is a recent W3C standard for processing RDF data, a format that has been developed to encode information in a machine-readable way. We investigate the foundations of SPARQL query optimization and (a) provide novel complexity results for the SPARQL evaluation problem, showing that the main source of complexity is operator OPTIONAL alone; (b) propose a comprehensive set of algebraic query rewriting rules; (c) present a framework for constraint-based SPARQL optimization based upon the well-known chase procedure for Conjunctive Query minimization. In this line, we develop two novel termination conditions for the chase. They subsume the strongest conditions known so far and do not increase the complexity of the recognition problem, thus making a larger class of both Conjunctive and SPARQL queries amenable to constraint-based optimization. Our results are of immediate practical interest and might empower any SPARQL query optimizer.",,
query optimization,query_optimization,database or information-system query optimization,contain,8,2203.01079,Redefining The Query Optimization Process,"Traditionally, query optimizers have been designed for computer systems that share a common architecture, consisting of a CPU, main memory and disk subsystem. The efficiency of query optimizers and their successful employment relied on the fact that these architectures basically stayed the same over the last decades. However, recently the performance increase of serial instruction execution has stagnated. As a consequence, computer architectures have started to diversify. Combined with the fact that the size of main memories has significantly increased it becomes more important to exploit intrinsic internal features of computer systems (data coherence mechanisms, TLB and instruction cache performance, among others) rather than mainly focusing on minimizing disk I/O. Time has come for a re-evaluation of how (traditional) query optimization is implemented. Query optimizers must be able to cope with disruptive advances in computer architecture and employ methods to optimize for architecture-specific features. In this paper, the query optimization process is redefined so that compiler optimizations are taken into the game much earlier than traditionally is done and employ compiler optimizations as the driving force in query optimization. This new generation of query optimizers will be capable of optimizing queries to perform significantly better than contemporary state-of-the-art query optimizers.",,
query optimization,query_optimization,database or information-system query optimization,contain,9,1511.01782,Probably Approximately Optimal Query Optimization,"Evaluating query predicates on data samples is the only way to estimate their selectivity in certain scenarios. Finding a guaranteed optimal query plan is not a reasonable optimization goal in those cases as it might require an infinite number of samples. We therefore introduce probably approximately optimal query optimization (PAO) where the goal is to find a query plan whose cost is near-optimal with a certain probability. We will justify why PAO is a suitable formalism to model scenarios in which predicate sampling and optimization need to be interleaved. We present the first algorithm for PAO. Our algorithm is non-intrusive and uses standard query optimizers and sampling components as sub-functions. It is generic and can be applied to a wide range of scenarios. Our algorithm is iterative and calculates in each iteration a query plan together with a region in the selectivity space where the plan has near-optimal cost. It determines the confidence that the true selectivity values fall within the aforementioned region and chooses the next samples to take based on the current state if the confidence does not reach the threshold specified as problem input. We devise different algorithm variants and analyze their complexity. We experimentally compare them in terms of the number of optimizer invocations, samples, and iterations over many different query classes.",,
query optimization,query_optimization,database or information-system query optimization,contain,10,2406.06886,Enabling Data Dependency-based Query Optimization,"Primary key (PK) and foreign key (FK) constraints are widely used for query optimization. Knowledge about additional data dependencies, such as order dependencies, enables further substantial performance improvements. However, such dependencies are not maintained by database systems or are even unknown to the user. Identifying and validating relevant dependencies automatically and efficiently remains an unsolved problem. This paper presents a system that (i) recognizes dependency candidates for optimization, (ii) efficiently validates their applicability, and (iii) optimizes query plans using valid dependencies. First, we demonstrate the performance impact of optimization techniques using data dependencies additional to PKs and FKs. Using rewritten SQL queries, we empirically show that data dependencies improve performance for a wide range of analytical database systems and benchmarks. Second, we present how to integrate data dependencies into a system to use them without (i) manual declaration and maintenance or (ii) SQL rewrites. Our integrated and fully automated system matches the performance of dedicated SQL rewrites: compared to using only PKs and FKs, queries improve with geometric mean speedups of 35 % for TPC-DS and 29 % for JOB. Individual query latencies drop by more than 90 %. The dependency discovery overhead is orders of magnitude lower than the latency improvement of a single workload execution.",,
query optimization,query_optimization,database or information-system query optimization,fuzzy,1,2603.24617,Multi-LLM Query Optimization,"Deploying multiple large language models (LLMs) in parallel to classify an unknown ground-truth label is a common practice, yet the problem of optimally allocating queries across heterogeneous models remains poorly understood. In this paper, we formulate a robust, offline query-planning problem that minimizes total query cost subject to statewise error constraints which guarantee reliability for every possible ground-truth label. We first establish that this problem is NP-hard via a reduction from the minimum-weight set cover problem. To overcome this intractability, we develop a surrogate by combining a union bound decomposition of the multi-class error into pairwise comparisons with Chernoff-type concentration bounds. The resulting surrogate admits a closed-form, multiplicatively separable expression in the query counts and is guaranteed to be feasibility-preserving. We further show that the surrogate is asymptotically tight at the optimization level: the ratio of surrogate-optimal cost to true optimal cost converges to one as error tolerances shrink, with an explicit rate of $O\left(\log\log(1/\alpha_{\min}) / \log(1/\alpha_{\min})\right)$. Finally, we design an asymptotic fully polynomial-time approximation scheme (AFPTAS) that returns a surrogate-feasible query plan within a $(1+\varepsilon)$ factor of the surrogate optimum.",,
query optimization,query_optimization,database or information-system query optimization,fuzzy,2,2312.04282,Adaptive Recursive Query Optimization,"Performance-critical industrial applications, including large-scale program, network, and distributed system analyses, are increasingly reliant on recursive queries for data analysis. Yet traditional relational algebra-based query optimization techniques do not scale well to recursive query processing due to the iterative nature of query evaluation, where relation cardinalities can change unpredictably during the course of a single query execution. To avoid error-prone cardinality estimation, adaptive query processing techniques use runtime information to inform query optimization, but these systems are not optimized for the specific needs of recursive query processing. In this paper, we introduce Adaptive Metaprogramming, an innovative technique that shifts recursive query optimization and code generation from compile-time to runtime using principled metaprogramming, enabling dynamic optimization and re-optimization before and after query execution has begun. We present a custom join-ordering optimization applicable at multiple stages during query compilation and execution. Through Carac, a custom Datalog engine, we evaluate the optimization potential of Adaptive Metaprogramming and show unoptimized recursive query execution time can be improved by three orders of magnitude and hand-optimized queries by 6x.",,
query optimization,query_optimization,database or information-system query optimization,fuzzy,3,1003.4353,XPath Whole Query Optimization,"Previous work reports about SXSI, a fast XPath engine which executes tree automata over compressed XML indexes. Here, reasons are investigated why SXSI is so fast. It is shown that tree automata can be used as a general framework for fine grained XML query optimization. We define the ""relevant nodes"" of a query as those nodes that a minimal automaton must touch in order to answer the query. This notion allows to skip many subtrees during execution, and, with the help of particular tree indexes, even allows to skip internal nodes of the tree. We efficiently approximate runs over relevant nodes by means of on-the-fly removal of alternation and non-determinism of (alternating) tree automata. We also introduce many implementation techniques which allows us to efficiently evaluate tree automata, even in the absence of special indexes. Through extensive experiments, we demonstrate the impact of the different optimization techniques.",,
query optimization,query_optimization,database or information-system query optimization,fuzzy,4,1409.6288,Enabling Incremental Query Re-Optimization,"As declarative query processing techniques expand in scope --- to the Web, data streams, network routers, and cloud platforms --- there is an increasing need for adaptive query processing techniques that can re-plan in the presence of failures or unanticipated performance changes. A status update on the data distributions or the compute nodes may have significant repercussions on the choice of which query plan should be running. Ideally, new system architectures would be able to make cost-based decisions about reallocating work, migrating data, etc., and react quickly as real-time status information becomes available. Existing cost-based query optimizers are not incremental in nature, and must be run ""from scratch"" upon each status or cost update. Hence, they generally result in adaptive schemes that can only react slowly to updates. An open question has been whether it is possible to build a cost-based re-optimization architecture for adaptive query processing in a streaming or repeated query execution environment, e.g., by incrementally updating optimizer state given new cost information. We show that this can be achieved beneficially, especially for stream processing workloads. Our techniques build upon the recently proposed approach of formulating query plan enumeration as a set of recursive datalog queries; we develop a variety of novel optimization approaches to ensure effective pruning in both static and incremental cases. We implement our solution within an existing research query processing system, and show that it effectively supports cost-based initial optimization as well as frequent adaptivity.",,
query optimization,query_optimization,database or information-system query optimization,fuzzy,5,1601.05748,Sampling-Based Query Re-Optimization,"Despite of decades of work, query optimizers still make mistakes on ""difficult"" queries because of bad cardinality estimates, often due to the interaction of multiple predicates and correlations in the data. In this paper, we propose a low-cost post-processing step that can take a plan produced by the optimizer, detect when it is likely to have made such a mistake, and take steps to fix it. Specifically, our solution is a sampling-based iterative procedure that requires almost no changes to the original query optimizer or query evaluation mechanism of the system. We show that this indeed imposes low overhead and catches cases where three widely used optimizers (PostgreSQL and two commercial systems) make large errors.",,
query optimization,query_optimization,database or information-system query optimization,fuzzy,6,2102.02440,Online Sketch-based Query Optimization,"Cost-based query optimization remains a critical task in relational databases even after decades of research and industrial development. Query optimizers rely on a large range of statistical synopses -- including attribute-level histograms and table-level samples -- for accurate cardinality estimation. As the complexity of selection predicates and the number of join predicates increase, two problems arise. First, statistics cannot be incrementally composed to effectively estimate the cost of the sub-plans generated in plan enumeration. Second, small errors are propagated exponentially through join operators, which can lead to severely sub-optimal plans. In this paper, we introduce COMPASS, a novel query optimization paradigm for in-memory databases based on a single type of statistics -- Fast-AGMS sketches. In COMPASS, query optimization and execution are intertwined. Selection predicates and sketch updates are pushed-down and evaluated online during query optimization. This allows Fast-AGMS sketches to be computed only over the relevant tuples -- which enhances cardinality estimation accuracy. Plan enumeration is performed over the query join graph by incrementally composing attribute-level sketches -- not by building a separate sketch for every sub-plan. We prototype COMPASS in MapD -- an open-source parallel database -- and perform extensive experiments over the complete JOB benchmark. The results prove that COMPASS generates better execution plans -- both in terms of cardinality and runtime -- compared to four other database systems. Overall, COMPASS achieves a speedup ranging from 1.35X to 11.28X in cumulative query execution time over the considered competitors.",,
query optimization,query_optimization,database or information-system query optimization,fuzzy,7,1608.04686,Multi Query Optimization in GLADE,"SQL-on-Hadoop systems, query optimization, data distribution over multiple nodes and parallelization techniques are few of the areas under extreme research these days. Big names like Amazon, Google, Microsoft and many more are working on implementing systems for faster access of data from multiple nodes reducing data mobility and increasing the parallelization. Queries are retrieved and reviewed by the database systems in an efficient way in the least amount of time by the introduction of various parallelization techniques by running the same query in parallel over different nodes carrying the data. Apart from multi-threading parallelization, there is another way of parallelization that can be performed in order to further reduce retrieval time hence improving the efficiency of the system; parallelization on user queries on top of a DBMS/RDBMS. In this paper, we will study one such technique of how multiple queries can run simultaneously on a system in order to increase the efficiency by reducing the data retrieval from the storage. Maximum sharing of workload has been performed by generating optimal and ubiquitous join plans for a set of queries and then fed them to GLADE (Generalized Linear Aggregate Distribution Engine), a scalable distributed system for large scale data analytics. Our main work is centered on generating GLADE join plans for a Multi-Query satisfying maximum number of queries in order to maximize data sharing and minimize data retrieval for each individual query.",,
query optimization,query_optimization,database or information-system query optimization,fuzzy,8,1407.3745,Query Optimization for Dynamic Graphs,"Given a query graph that represents a pattern of interest, the emerging pattern detection problem can be viewed as a continuous query problem on a dynamic graph. We present an incremental algorithm for continuous query processing on dynamic graphs. The algorithm is based on the concept of query decomposition; we decompose a query graph into smaller subgraphs and assemble the result of sub-queries to find complete matches with the specified query. The novelty of our work lies in using the subgraph distributional statistics collected from the dynamic graph to generate the decomposition. We introduce a ""Lazy Search"" algorithm where the search strategy is decided on a vertex-to-vertex basis depending on the likelihood of a match in the vertex neighborhood. We also propose a metric named ""Relative Selectivity"" that is used to select between different query decomposition strategies. Our experiments performed on real online news, network traffic stream and a synthetic social network benchmark demonstrate 10-100x speedups over competing approaches.",,
query optimization,query_optimization,database or information-system query optimization,fuzzy,9,0812.3788,Foundations of SPARQL Query Optimization,"The SPARQL query language is a recent W3C standard for processing RDF data, a format that has been developed to encode information in a machine-readable way. We investigate the foundations of SPARQL query optimization and (a) provide novel complexity results for the SPARQL evaluation problem, showing that the main source of complexity is operator OPTIONAL alone; (b) propose a comprehensive set of algebraic query rewriting rules; (c) present a framework for constraint-based SPARQL optimization based upon the well-known chase procedure for Conjunctive Query minimization. In this line, we develop two novel termination conditions for the chase. They subsume the strongest conditions known so far and do not increase the complexity of the recognition problem, thus making a larger class of both Conjunctive and SPARQL queries amenable to constraint-based optimization. Our results are of immediate practical interest and might empower any SPARQL query optimizer.",,
query optimization,query_optimization,database or information-system query optimization,fuzzy,10,2203.01079,Redefining The Query Optimization Process,"Traditionally, query optimizers have been designed for computer systems that share a common architecture, consisting of a CPU, main memory and disk subsystem. The efficiency of query optimizers and their successful employment relied on the fact that these architectures basically stayed the same over the last decades. However, recently the performance increase of serial instruction execution has stagnated. As a consequence, computer architectures have started to diversify. Combined with the fact that the size of main memories has significantly increased it becomes more important to exploit intrinsic internal features of computer systems (data coherence mechanisms, TLB and instruction cache performance, among others) rather than mainly focusing on minimizing disk I/O. Time has come for a re-evaluation of how (traditional) query optimization is implemented. Query optimizers must be able to cope with disruptive advances in computer architecture and employ methods to optimize for architecture-specific features. In this paper, the query optimization process is redefined so that compiler optimizations are taken into the game much earlier than traditionally is done and employ compiler optimizations as the driving force in query optimization. This new generation of query optimizers will be capable of optimizing queries to perform significantly better than contemporary state-of-the-art query optimizers.",,
query optimization,query_optimization,database or information-system query optimization,hybrid,1,2603.24617,Multi-LLM Query Optimization,"Deploying multiple large language models (LLMs) in parallel to classify an unknown ground-truth label is a common practice, yet the problem of optimally allocating queries across heterogeneous models remains poorly understood. In this paper, we formulate a robust, offline query-planning problem that minimizes total query cost subject to statewise error constraints which guarantee reliability for every possible ground-truth label. We first establish that this problem is NP-hard via a reduction from the minimum-weight set cover problem. To overcome this intractability, we develop a surrogate by combining a union bound decomposition of the multi-class error into pairwise comparisons with Chernoff-type concentration bounds. The resulting surrogate admits a closed-form, multiplicatively separable expression in the query counts and is guaranteed to be feasibility-preserving. We further show that the surrogate is asymptotically tight at the optimization level: the ratio of surrogate-optimal cost to true optimal cost converges to one as error tolerances shrink, with an explicit rate of $O\left(\log\log(1/\alpha_{\min}) / \log(1/\alpha_{\min})\right)$. Finally, we design an asymptotic fully polynomial-time approximation scheme (AFPTAS) that returns a surrogate-feasible query plan within a $(1+\varepsilon)$ factor of the surrogate optimum.",,
query optimization,query_optimization,database or information-system query optimization,hybrid,2,2312.04282,Adaptive Recursive Query Optimization,"Performance-critical industrial applications, including large-scale program, network, and distributed system analyses, are increasingly reliant on recursive queries for data analysis. Yet traditional relational algebra-based query optimization techniques do not scale well to recursive query processing due to the iterative nature of query evaluation, where relation cardinalities can change unpredictably during the course of a single query execution. To avoid error-prone cardinality estimation, adaptive query processing techniques use runtime information to inform query optimization, but these systems are not optimized for the specific needs of recursive query processing. In this paper, we introduce Adaptive Metaprogramming, an innovative technique that shifts recursive query optimization and code generation from compile-time to runtime using principled metaprogramming, enabling dynamic optimization and re-optimization before and after query execution has begun. We present a custom join-ordering optimization applicable at multiple stages during query compilation and execution. Through Carac, a custom Datalog engine, we evaluate the optimization potential of Adaptive Metaprogramming and show unoptimized recursive query execution time can be improved by three orders of magnitude and hand-optimized queries by 6x.",,
query optimization,query_optimization,database or information-system query optimization,hybrid,3,1003.4353,XPath Whole Query Optimization,"Previous work reports about SXSI, a fast XPath engine which executes tree automata over compressed XML indexes. Here, reasons are investigated why SXSI is so fast. It is shown that tree automata can be used as a general framework for fine grained XML query optimization. We define the ""relevant nodes"" of a query as those nodes that a minimal automaton must touch in order to answer the query. This notion allows to skip many subtrees during execution, and, with the help of particular tree indexes, even allows to skip internal nodes of the tree. We efficiently approximate runs over relevant nodes by means of on-the-fly removal of alternation and non-determinism of (alternating) tree automata. We also introduce many implementation techniques which allows us to efficiently evaluate tree automata, even in the absence of special indexes. Through extensive experiments, we demonstrate the impact of the different optimization techniques.",,
query optimization,query_optimization,database or information-system query optimization,hybrid,4,2102.02440,Online Sketch-based Query Optimization,"Cost-based query optimization remains a critical task in relational databases even after decades of research and industrial development. Query optimizers rely on a large range of statistical synopses -- including attribute-level histograms and table-level samples -- for accurate cardinality estimation. As the complexity of selection predicates and the number of join predicates increase, two problems arise. First, statistics cannot be incrementally composed to effectively estimate the cost of the sub-plans generated in plan enumeration. Second, small errors are propagated exponentially through join operators, which can lead to severely sub-optimal plans. In this paper, we introduce COMPASS, a novel query optimization paradigm for in-memory databases based on a single type of statistics -- Fast-AGMS sketches. In COMPASS, query optimization and execution are intertwined. Selection predicates and sketch updates are pushed-down and evaluated online during query optimization. This allows Fast-AGMS sketches to be computed only over the relevant tuples -- which enhances cardinality estimation accuracy. Plan enumeration is performed over the query join graph by incrementally composing attribute-level sketches -- not by building a separate sketch for every sub-plan. We prototype COMPASS in MapD -- an open-source parallel database -- and perform extensive experiments over the complete JOB benchmark. The results prove that COMPASS generates better execution plans -- both in terms of cardinality and runtime -- compared to four other database systems. Overall, COMPASS achieves a speedup ranging from 1.35X to 11.28X in cumulative query execution time over the considered competitors.",,
query optimization,query_optimization,database or information-system query optimization,hybrid,5,1608.04686,Multi Query Optimization in GLADE,"SQL-on-Hadoop systems, query optimization, data distribution over multiple nodes and parallelization techniques are few of the areas under extreme research these days. Big names like Amazon, Google, Microsoft and many more are working on implementing systems for faster access of data from multiple nodes reducing data mobility and increasing the parallelization. Queries are retrieved and reviewed by the database systems in an efficient way in the least amount of time by the introduction of various parallelization techniques by running the same query in parallel over different nodes carrying the data. Apart from multi-threading parallelization, there is another way of parallelization that can be performed in order to further reduce retrieval time hence improving the efficiency of the system; parallelization on user queries on top of a DBMS/RDBMS. In this paper, we will study one such technique of how multiple queries can run simultaneously on a system in order to increase the efficiency by reducing the data retrieval from the storage. Maximum sharing of workload has been performed by generating optimal and ubiquitous join plans for a set of queries and then fed them to GLADE (Generalized Linear Aggregate Distribution Engine), a scalable distributed system for large scale data analytics. Our main work is centered on generating GLADE join plans for a Multi-Query satisfying maximum number of queries in order to maximize data sharing and minimize data retrieval for each individual query.",,
query optimization,query_optimization,database or information-system query optimization,hybrid,6,1407.3745,Query Optimization for Dynamic Graphs,"Given a query graph that represents a pattern of interest, the emerging pattern detection problem can be viewed as a continuous query problem on a dynamic graph. We present an incremental algorithm for continuous query processing on dynamic graphs. The algorithm is based on the concept of query decomposition; we decompose a query graph into smaller subgraphs and assemble the result of sub-queries to find complete matches with the specified query. The novelty of our work lies in using the subgraph distributional statistics collected from the dynamic graph to generate the decomposition. We introduce a ""Lazy Search"" algorithm where the search strategy is decided on a vertex-to-vertex basis depending on the likelihood of a match in the vertex neighborhood. We also propose a metric named ""Relative Selectivity"" that is used to select between different query decomposition strategies. Our experiments performed on real online news, network traffic stream and a synthetic social network benchmark demonstrate 10-100x speedups over competing approaches.",,
query optimization,query_optimization,database or information-system query optimization,hybrid,7,0812.3788,Foundations of SPARQL Query Optimization,"The SPARQL query language is a recent W3C standard for processing RDF data, a format that has been developed to encode information in a machine-readable way. We investigate the foundations of SPARQL query optimization and (a) provide novel complexity results for the SPARQL evaluation problem, showing that the main source of complexity is operator OPTIONAL alone; (b) propose a comprehensive set of algebraic query rewriting rules; (c) present a framework for constraint-based SPARQL optimization based upon the well-known chase procedure for Conjunctive Query minimization. In this line, we develop two novel termination conditions for the chase. They subsume the strongest conditions known so far and do not increase the complexity of the recognition problem, thus making a larger class of both Conjunctive and SPARQL queries amenable to constraint-based optimization. Our results are of immediate practical interest and might empower any SPARQL query optimizer.",,
query optimization,query_optimization,database or information-system query optimization,hybrid,8,2203.01079,Redefining The Query Optimization Process,"Traditionally, query optimizers have been designed for computer systems that share a common architecture, consisting of a CPU, main memory and disk subsystem. The efficiency of query optimizers and their successful employment relied on the fact that these architectures basically stayed the same over the last decades. However, recently the performance increase of serial instruction execution has stagnated. As a consequence, computer architectures have started to diversify. Combined with the fact that the size of main memories has significantly increased it becomes more important to exploit intrinsic internal features of computer systems (data coherence mechanisms, TLB and instruction cache performance, among others) rather than mainly focusing on minimizing disk I/O. Time has come for a re-evaluation of how (traditional) query optimization is implemented. Query optimizers must be able to cope with disruptive advances in computer architecture and employ methods to optimize for architecture-specific features. In this paper, the query optimization process is redefined so that compiler optimizations are taken into the game much earlier than traditionally is done and employ compiler optimizations as the driving force in query optimization. This new generation of query optimizers will be capable of optimizing queries to perform significantly better than contemporary state-of-the-art query optimizers.",,
query optimization,query_optimization,database or information-system query optimization,hybrid,9,1511.01782,Probably Approximately Optimal Query Optimization,"Evaluating query predicates on data samples is the only way to estimate their selectivity in certain scenarios. Finding a guaranteed optimal query plan is not a reasonable optimization goal in those cases as it might require an infinite number of samples. We therefore introduce probably approximately optimal query optimization (PAO) where the goal is to find a query plan whose cost is near-optimal with a certain probability. We will justify why PAO is a suitable formalism to model scenarios in which predicate sampling and optimization need to be interleaved. We present the first algorithm for PAO. Our algorithm is non-intrusive and uses standard query optimizers and sampling components as sub-functions. It is generic and can be applied to a wide range of scenarios. Our algorithm is iterative and calculates in each iteration a query plan together with a region in the selectivity space where the plan has near-optimal cost. It determines the confidence that the true selectivity values fall within the aforementioned region and chooses the next samples to take based on the current state if the confidence does not reach the threshold specified as problem input. We devise different algorithm variants and analyze their complexity. We experimentally compare them in terms of the number of optimizer invocations, samples, and iterations over many different query classes.",,
query optimization,query_optimization,database or information-system query optimization,hybrid,10,2406.06886,Enabling Data Dependency-based Query Optimization,"Primary key (PK) and foreign key (FK) constraints are widely used for query optimization. Knowledge about additional data dependencies, such as order dependencies, enables further substantial performance improvements. However, such dependencies are not maintained by database systems or are even unknown to the user. Identifying and validating relevant dependencies automatically and efficiently remains an unsolved problem. This paper presents a system that (i) recognizes dependency candidates for optimization, (ii) efficiently validates their applicability, and (iii) optimizes query plans using valid dependencies. First, we demonstrate the performance impact of optimization techniques using data dependencies additional to PKs and FKs. Using rewritten SQL queries, we empirically show that data dependencies improve performance for a wide range of analytical database systems and benchmarks. Second, we present how to integrate data dependencies into a system to use them without (i) manual declaration and maintenance or (ii) SQL rewrites. Our integrated and fully automated system matches the performance of dedicated SQL rewrites: compared to using only PKs and FKs, queries improve with geometric mean speedups of 35 % for TPC-DS and 29 % for JOB. Individual query latencies drop by more than 90 %. The dependency discovery overhead is orders of magnitude lower than the latency improvement of a single workload execution.",,
query optimization,query_optimization,database or information-system query optimization,keyword,1,2603.24617,Multi-LLM Query Optimization,"Deploying multiple large language models (LLMs) in parallel to classify an unknown ground-truth label is a common practice, yet the problem of optimally allocating queries across heterogeneous models remains poorly understood. In this paper, we formulate a robust, offline query-planning problem that minimizes total query cost subject to statewise error constraints which guarantee reliability for every possible ground-truth label. We first establish that this problem is NP-hard via a reduction from the minimum-weight set cover problem. To overcome this intractability, we develop a surrogate by combining a union bound decomposition of the multi-class error into pairwise comparisons with Chernoff-type concentration bounds. The resulting surrogate admits a closed-form, multiplicatively separable expression in the query counts and is guaranteed to be feasibility-preserving. We further show that the surrogate is asymptotically tight at the optimization level: the ratio of surrogate-optimal cost to true optimal cost converges to one as error tolerances shrink, with an explicit rate of $O\left(\log\log(1/\alpha_{\min}) / \log(1/\alpha_{\min})\right)$. Finally, we design an asymptotic fully polynomial-time approximation scheme (AFPTAS) that returns a surrogate-feasible query plan within a $(1+\varepsilon)$ factor of the surrogate optimum.",,
query optimization,query_optimization,database or information-system query optimization,keyword,2,2312.04282,Adaptive Recursive Query Optimization,"Performance-critical industrial applications, including large-scale program, network, and distributed system analyses, are increasingly reliant on recursive queries for data analysis. Yet traditional relational algebra-based query optimization techniques do not scale well to recursive query processing due to the iterative nature of query evaluation, where relation cardinalities can change unpredictably during the course of a single query execution. To avoid error-prone cardinality estimation, adaptive query processing techniques use runtime information to inform query optimization, but these systems are not optimized for the specific needs of recursive query processing. In this paper, we introduce Adaptive Metaprogramming, an innovative technique that shifts recursive query optimization and code generation from compile-time to runtime using principled metaprogramming, enabling dynamic optimization and re-optimization before and after query execution has begun. We present a custom join-ordering optimization applicable at multiple stages during query compilation and execution. Through Carac, a custom Datalog engine, we evaluate the optimization potential of Adaptive Metaprogramming and show unoptimized recursive query execution time can be improved by three orders of magnitude and hand-optimized queries by 6x.",,
query optimization,query_optimization,database or information-system query optimization,keyword,3,1003.4353,XPath Whole Query Optimization,"Previous work reports about SXSI, a fast XPath engine which executes tree automata over compressed XML indexes. Here, reasons are investigated why SXSI is so fast. It is shown that tree automata can be used as a general framework for fine grained XML query optimization. We define the ""relevant nodes"" of a query as those nodes that a minimal automaton must touch in order to answer the query. This notion allows to skip many subtrees during execution, and, with the help of particular tree indexes, even allows to skip internal nodes of the tree. We efficiently approximate runs over relevant nodes by means of on-the-fly removal of alternation and non-determinism of (alternating) tree automata. We also introduce many implementation techniques which allows us to efficiently evaluate tree automata, even in the absence of special indexes. Through extensive experiments, we demonstrate the impact of the different optimization techniques.",,
query optimization,query_optimization,database or information-system query optimization,keyword,4,1409.6288,Enabling Incremental Query Re-Optimization,"As declarative query processing techniques expand in scope --- to the Web, data streams, network routers, and cloud platforms --- there is an increasing need for adaptive query processing techniques that can re-plan in the presence of failures or unanticipated performance changes. A status update on the data distributions or the compute nodes may have significant repercussions on the choice of which query plan should be running. Ideally, new system architectures would be able to make cost-based decisions about reallocating work, migrating data, etc., and react quickly as real-time status information becomes available. Existing cost-based query optimizers are not incremental in nature, and must be run ""from scratch"" upon each status or cost update. Hence, they generally result in adaptive schemes that can only react slowly to updates. An open question has been whether it is possible to build a cost-based re-optimization architecture for adaptive query processing in a streaming or repeated query execution environment, e.g., by incrementally updating optimizer state given new cost information. We show that this can be achieved beneficially, especially for stream processing workloads. Our techniques build upon the recently proposed approach of formulating query plan enumeration as a set of recursive datalog queries; we develop a variety of novel optimization approaches to ensure effective pruning in both static and incremental cases. We implement our solution within an existing research query processing system, and show that it effectively supports cost-based initial optimization as well as frequent adaptivity.",,
query optimization,query_optimization,database or information-system query optimization,keyword,5,1601.05748,Sampling-Based Query Re-Optimization,"Despite of decades of work, query optimizers still make mistakes on ""difficult"" queries because of bad cardinality estimates, often due to the interaction of multiple predicates and correlations in the data. In this paper, we propose a low-cost post-processing step that can take a plan produced by the optimizer, detect when it is likely to have made such a mistake, and take steps to fix it. Specifically, our solution is a sampling-based iterative procedure that requires almost no changes to the original query optimizer or query evaluation mechanism of the system. We show that this indeed imposes low overhead and catches cases where three widely used optimizers (PostgreSQL and two commercial systems) make large errors.",,
query optimization,query_optimization,database or information-system query optimization,keyword,6,2102.02440,Online Sketch-based Query Optimization,"Cost-based query optimization remains a critical task in relational databases even after decades of research and industrial development. Query optimizers rely on a large range of statistical synopses -- including attribute-level histograms and table-level samples -- for accurate cardinality estimation. As the complexity of selection predicates and the number of join predicates increase, two problems arise. First, statistics cannot be incrementally composed to effectively estimate the cost of the sub-plans generated in plan enumeration. Second, small errors are propagated exponentially through join operators, which can lead to severely sub-optimal plans. In this paper, we introduce COMPASS, a novel query optimization paradigm for in-memory databases based on a single type of statistics -- Fast-AGMS sketches. In COMPASS, query optimization and execution are intertwined. Selection predicates and sketch updates are pushed-down and evaluated online during query optimization. This allows Fast-AGMS sketches to be computed only over the relevant tuples -- which enhances cardinality estimation accuracy. Plan enumeration is performed over the query join graph by incrementally composing attribute-level sketches -- not by building a separate sketch for every sub-plan. We prototype COMPASS in MapD -- an open-source parallel database -- and perform extensive experiments over the complete JOB benchmark. The results prove that COMPASS generates better execution plans -- both in terms of cardinality and runtime -- compared to four other database systems. Overall, COMPASS achieves a speedup ranging from 1.35X to 11.28X in cumulative query execution time over the considered competitors.",,
query optimization,query_optimization,database or information-system query optimization,keyword,7,1608.04686,Multi Query Optimization in GLADE,"SQL-on-Hadoop systems, query optimization, data distribution over multiple nodes and parallelization techniques are few of the areas under extreme research these days. Big names like Amazon, Google, Microsoft and many more are working on implementing systems for faster access of data from multiple nodes reducing data mobility and increasing the parallelization. Queries are retrieved and reviewed by the database systems in an efficient way in the least amount of time by the introduction of various parallelization techniques by running the same query in parallel over different nodes carrying the data. Apart from multi-threading parallelization, there is another way of parallelization that can be performed in order to further reduce retrieval time hence improving the efficiency of the system; parallelization on user queries on top of a DBMS/RDBMS. In this paper, we will study one such technique of how multiple queries can run simultaneously on a system in order to increase the efficiency by reducing the data retrieval from the storage. Maximum sharing of workload has been performed by generating optimal and ubiquitous join plans for a set of queries and then fed them to GLADE (Generalized Linear Aggregate Distribution Engine), a scalable distributed system for large scale data analytics. Our main work is centered on generating GLADE join plans for a Multi-Query satisfying maximum number of queries in order to maximize data sharing and minimize data retrieval for each individual query.",,
query optimization,query_optimization,database or information-system query optimization,keyword,8,1407.3745,Query Optimization for Dynamic Graphs,"Given a query graph that represents a pattern of interest, the emerging pattern detection problem can be viewed as a continuous query problem on a dynamic graph. We present an incremental algorithm for continuous query processing on dynamic graphs. The algorithm is based on the concept of query decomposition; we decompose a query graph into smaller subgraphs and assemble the result of sub-queries to find complete matches with the specified query. The novelty of our work lies in using the subgraph distributional statistics collected from the dynamic graph to generate the decomposition. We introduce a ""Lazy Search"" algorithm where the search strategy is decided on a vertex-to-vertex basis depending on the likelihood of a match in the vertex neighborhood. We also propose a metric named ""Relative Selectivity"" that is used to select between different query decomposition strategies. Our experiments performed on real online news, network traffic stream and a synthetic social network benchmark demonstrate 10-100x speedups over competing approaches.",,
query optimization,query_optimization,database or information-system query optimization,keyword,9,0812.3788,Foundations of SPARQL Query Optimization,"The SPARQL query language is a recent W3C standard for processing RDF data, a format that has been developed to encode information in a machine-readable way. We investigate the foundations of SPARQL query optimization and (a) provide novel complexity results for the SPARQL evaluation problem, showing that the main source of complexity is operator OPTIONAL alone; (b) propose a comprehensive set of algebraic query rewriting rules; (c) present a framework for constraint-based SPARQL optimization based upon the well-known chase procedure for Conjunctive Query minimization. In this line, we develop two novel termination conditions for the chase. They subsume the strongest conditions known so far and do not increase the complexity of the recognition problem, thus making a larger class of both Conjunctive and SPARQL queries amenable to constraint-based optimization. Our results are of immediate practical interest and might empower any SPARQL query optimizer.",,
query optimization,query_optimization,database or information-system query optimization,keyword,10,2203.01079,Redefining The Query Optimization Process,"Traditionally, query optimizers have been designed for computer systems that share a common architecture, consisting of a CPU, main memory and disk subsystem. The efficiency of query optimizers and their successful employment relied on the fact that these architectures basically stayed the same over the last decades. However, recently the performance increase of serial instruction execution has stagnated. As a consequence, computer architectures have started to diversify. Combined with the fact that the size of main memories has significantly increased it becomes more important to exploit intrinsic internal features of computer systems (data coherence mechanisms, TLB and instruction cache performance, among others) rather than mainly focusing on minimizing disk I/O. Time has come for a re-evaluation of how (traditional) query optimization is implemented. Query optimizers must be able to cope with disruptive advances in computer architecture and employ methods to optimize for architecture-specific features. In this paper, the query optimization process is redefined so that compiler optimizations are taken into the game much earlier than traditionally is done and employ compiler optimizations as the driving force in query optimization. This new generation of query optimizers will be capable of optimizing queries to perform significantly better than contemporary state-of-the-art query optimizers.",,
